分类: 央视, 名称: CCTV-1 综合, 有效: 7, IPv4: 19, IPv6: 0, 最小延迟: 38 ms, 最高速率: 7.99 MiB/s, 平均速率: 3.10 MiB/s, 最高分辨率: 1920x1080, 平均帧率: 27.78, 视频编解码器: h264, 音频编解码器: aac
分类: 央视, 名称: CCTV-2 财经, 有效: 2, IPv4: 7, IPv6: 0, 最小延迟: 37 ms, 最高速率: 8.37 MiB/s, 平均速率: 4.44 MiB/s, 最高分辨率: 1920x1080, 平均帧率: 25.0, 视频编解码器: h264, 音频编解码器: mp2
分类: 央视, 名称: CCTV-3 综艺, 有效: 8, IPv4: 16, IPv6: 0, 最小延迟: 27 ms, 最高速率: 23.88 MiB/s, 平均速率: 5.88 MiB/s, 最高分辨率: 1920x1080, 平均帧率: 27.5, 视频编解码器: h264, 音频编解码器: aac
分类: 央视, 名称: CCTV-4 中文国际, 有效: 7, IPv4: 13, IPv6: 0, 最小延迟: 27 ms, 最高速率: 5.37 MiB/s, 平均速率: 3.62 MiB/s, 最高分辨率: 1280x720, 平均帧率: 25.0, 视频编解码器: h264, 音频编解码器: aac
分类: 央视, 名称: CCTV-5 体育, 有效: 6, IPv4: 30, IPv6: 0, 最小延迟: 25 ms, 最高速率: 11.50 MiB/s, 平均速率: 4.84 MiB/s, 最高分辨率: 1920x1080, 平均帧率: 26.67, 视频编解码器: h264, 音频编解码器: aac
分类: 央视, 名称: CCTV-5+ 体育赛事, 有效: 1, IPv4: 33, IPv6: 0, 最小延迟: 39 ms, 最高速率: 5.94 MiB/s, 平均速率: 5.94 MiB/s, 最高分辨率: 1920x1080, 平均帧率: 28.57, 视频编解码器: h264, 音频编解码器: aac
分类: 央视, 名称: CCTV-6 电影, 有效: 6, IPv4: 11, IPv6: 0, 最小延迟: 28 ms, 最高速率: 10.18 MiB/s, 平均速率: 6.27 MiB/s, 最高分辨率: 1920x1080, 平均帧率: 25.0, 视频编解码器: h264, 音频编解码器: aac
分类: 央视, 名称: CCTV-7 国防军事, 有效: 6, IPv4: 12, IPv6: 0, 最小延迟: 26 ms, 最高速率: 7.23 MiB/s, 平均速率: 4.77 MiB/s, 最高分辨率: 1280x720, 平均帧率: 25.0, 视频编解码器: h264, 音频编解码器: aac
分类: 央视, 名称: CCTV-8 电视剧, 有效: 7, IPv4: 17, IPv6: 0, 最小延迟: 24 ms, 最高速率: 11.88 MiB/s, 平均速率: 5.43 MiB/s, 最高分辨率: 1920x1080, 平均帧率: 28.89, 视频编解码器: h264, 音频编解码器: aac
分类: 央视, 名称: CCTV-9 纪录, 有效: 7, IPv4: 14, IPv6: 0, 最小延迟: 26 ms, 最高速率: 12.76 MiB/s, 平均速率: 4.89 MiB/s, 最高分辨率: 1280x720, 平均帧率: 25.0, 视频编解码器: h264, 音频编解码器: aac
分类: 央视, 名称: CCTV-10 科教, 有效: 7, IPv4: 15, IPv6: 0, 最小延迟: 24 ms, 最高速率: 17.65 MiB/s, 平均速率: 6.78 MiB/s, 最高分辨率: 1920x1080, 平均帧率: 25.0, 视频编解码器: h264, 音频编解码器: aac
分类: 央视, 名称: CCTV-11 戏曲, 有效: 6, IPv4: 30, IPv6: 0, 最小延迟: 26 ms, 最高速率: 22.68 MiB/s, 平均速率: 8.65 MiB/s, 最高分辨率: 1920x1080, 平均帧率: 30.0, 视频编解码器: h264, 音频编解码器: aac
分类: 央视, 名称: CCTV-12 社会与法, 有效: 6, IPv4: 28, IPv6: 0, 最小延迟: 27 ms, 最高速率: 16.58 MiB/s, 平均速率: 6.03 MiB/s, 最高分辨率: 1920x1080, 平均帧率: 29.55, 视频编解码器: h264, 音频编解码器: aac
分类: 央视, 名称: CCTV-13 新闻, 有效: 4, IPv4: 47, IPv6: 0, 最小延迟: 27 ms, 最高速率: 6.62 MiB/s, 平均速率: 4.48 MiB/s, 最高分辨率: 1920x1080, 平均帧率: 30.0, 视频编解码器: h264, 音频编解码器: aac
分类: 央视, 名称: CCTV-14 少儿, 有效: 8, IPv4: 19, IPv6: 0, 最小延迟: 37 ms, 最高速率: 5.87 MiB/s, 平均速率: 2.53 MiB/s, 最高分辨率: 1920x1080, 平均帧率: 28.12, 视频编解码器: h264, 音频编解码器: aac
分类: 央视, 名称: CCTV-15 音乐, 有效: 6, IPv4: 15, IPv6: 0, 最小延迟: 25 ms, 最高速率: 24.34 MiB/s, 平均速率: 16.07 MiB/s, 最高分辨率: 1920x1080, 平均帧率: 25.0, 视频编解码器: h264, 音频编解码器: aac
分类: 央视, 名称: CCTV-16 奥林匹克, 有效: 3, IPv4: 32, IPv6: 0, 最小延迟: 40 ms, 最高速率: 11.07 MiB/s, 平均速率: 5.75 MiB/s, 最高分辨率: 1920x1080, 平均帧率: 31.82, 视频编解码器: h264, 音频编解码器: aac
分类: 央视, 名称: CCTV-17 农业农村, 有效: 4, IPv4: 34, IPv6: 0, 最小延迟: 27 ms, 最高速率: 24.02 MiB/s, 平均速率: 12.45 MiB/s, 最高分辨率: 1920x1080, 平均帧率: 27.5, 视频编解码器: h264, 音频编解码器: aac
分类: 央视, 名称: CCTV-4 欧洲, 有效: 0, IPv4: 3, IPv6: 0, 最小延迟: 170 ms, 最高速率: 0.00 MiB/s, 平均速率: 0.00 MiB/s, 最高分辨率: —, 平均帧率: 未知, 视频编解码器: 未知, 音频编解码器: 未知
分类: 央视, 名称: CCTV-4 美洲, 有效: 0, IPv4: 3, IPv6: 0, 最小延迟: 169 ms, 最高速率: 0.00 MiB/s, 平均速率: 0.00 MiB/s, 最高分辨率: —, 平均帧率: 未知, 视频编解码器: 未知, 音频编解码器: 未知
分类: 央视, 名称: CCTV4K, 有效: 2, IPv4: 6, IPv6: 0, 最小延迟: 38 ms, 最高速率: 8.22 MiB/s, 平均速率: 5.58 MiB/s, 最高分辨率: 1920x1080, 平均帧率: 25.0, 视频编解码器: h264, 音频编解码器: aac
分类: 央视, 名称: CCTV8K, 有效: 1, IPv4: 4, IPv6: 0, 最小延迟: 26 ms, 最高速率: 7.08 MiB/s, 平均速率: 7.08 MiB/s, 最高分辨率: 1280x720, 平均帧率: 25.0, 视频编解码器: h264, 音频编解码器: aac
分类: 央视, 名称: CGTN, 有效: 5, IPv4: 24, IPv6: 0, 最小延迟: 112 ms, 最高速率: 5.96 MiB/s, 平均速率: 2.85 MiB/s, 最高分辨率: 1920x1080, 平均帧率: 26.67, 视频编解码器: h264, 音频编解码器: aac
分类: 央视, 名称: CGTN俄语, 有效: 0, IPv4: 9, IPv6: 0, 最小延迟: — ms, 最高速率: 0.00 MiB/s, 平均速率: 0.00 MiB/s, 最高分辨率: —, 平均帧率: 未知, 视频编解码器: 未知, 音频编解码器: 未知
分类: 央视, 名称: CGTN法语, 有效: 1, IPv4: 10, IPv6: 0, 最小延迟: 51 ms, 最高速率: 9.23 MiB/s, 平均速率: 9.23 MiB/s, 最高分辨率: 1920x1080, 平均帧率: 25.0, 视频编解码器: h264, 音频编解码器: aac
分类: 央视, 名称: CGTN西语, 有效: 0, IPv4: 8, IPv6: 0, 最小延迟: — ms, 最高速率: 0.00 MiB/s, 平均速率: 0.00 MiB/s, 最高分辨率: —, 平均帧率: 未知, 视频编解码器: 未知, 音频编解码器: 未知
分类: 央视, 名称: CGTN阿语, 有效: 0, IPv4: 10, IPv6: 0, 最小延迟: — ms, 最高速率: 0.00 MiB/s, 平均速率: 0.00 MiB/s, 最高分辨率: —, 平均帧率: 未知, 视频编解码器: 未知, 音频编解码器: 未知
分类: 央视, 名称: CGTN纪录, 有效: 0, IPv4: 5, IPv6: 0, 最小延迟: 194 ms, 最高速率: 0.00 MiB/s, 平均速率: 0.00 MiB/s, 最高分辨率: —, 平均帧率: 未知, 视频编解码器: 未知, 音频编解码器: 未知
分类: 央视, 名称: CCTV风云剧场, 有效: 4, IPv4: 9, IPv6: 0, 最小延迟: 40 ms, 最高速率: 23.41 MiB/s, 平均速率: 10.91 MiB/s, 最高分辨率: 1920x1080, 平均帧率: 31.0, 视频编解码器: h264, 音频编解码器: aac
分类: 央视, 名称: CCTV第一剧场, 有效: 6, IPv4: 8, IPv6: 0, 最小延迟: 39 ms, 最高速率: 28.63 MiB/s, 平均速率: 10.27 MiB/s, 最高分辨率: 1920x1080, 平均帧率: 26.67, 视频编解码器: h264, 音频编解码器: aac
分类: 央视, 名称: CCTV怀旧剧场, 有效: 4, IPv4: 11, IPv6: 0, 最小延迟: 38 ms, 最高速率: 16.80 MiB/s, 平均速率: 9.95 MiB/s, 最高分辨率: 1920x1080, 平均帧率: 31.0, 视频编解码器: h264, 音频编解码器: aac
分类: 央视, 名称: CCTV世界地理, 有效: 2, IPv4: 6, IPv6: 0, 最小延迟: 26 ms, 最高速率: 16.50 MiB/s, 平均速率: 13.70 MiB/s, 最高分辨率: 1920x1080, 平均帧率: 25.0, 视频编解码器: h264, 音频编解码器: aac
分类: 央视, 名称: CCTV风云音乐, 有效: 5, IPv4: 12, IPv6: 0, 最小延迟: 38 ms, 最高速率: 25.57 MiB/s, 平均速率: 15.34 MiB/s, 最高分辨率: 1920x1080, 平均帧率: 30.83, 视频编解码器: h264, 音频编解码器: aac
分类: 央视, 名称: CCTV兵器科技, 有效: 5, IPv4: 9, IPv6: 0, 最小延迟: 26 ms, 最高速率: 23.27 MiB/s, 平均速率: 13.56 MiB/s, 最高分辨率: 1920x1080, 平均帧率: 27.0, 视频编解码器: h264, 音频编解码器: aac
分类: 央视, 名称: CCTV风云足球, 有效: 2, IPv4: 6, IPv6: 0, 最小延迟: 40 ms, 最高速率: 8.24 MiB/s, 平均速率: 7.16 MiB/s, 最高分辨率: 1920x1080, 平均帧率: 33.33, 视频编解码器: h264, 音频编解码器: aac
分类: 央视, 名称: CCTV高尔夫网球, 有效: 2, IPv4: 5, IPv6: 0, 最小延迟: 98 ms, 最高速率: 2.91 MiB/s, 平均速率: 2.31 MiB/s, 最高分辨率: 1920x1080, 平均帧率: 25.0, 视频编解码器: h264, 音频编解码器: aac
分类: 央视, 名称: CCTV女性时尚, 有效: 3, IPv4: 9, IPv6: 0, 最小延迟: 37 ms, 最高速率: 12.14 MiB/s, 平均速率: 9.48 MiB/s, 最高分辨率: 1920x1080, 平均帧率: 31.25, 视频编解码器: h264, 音频编解码器: aac
分类: 央视, 名称: CCTV央视文化精品, 有效: 3, IPv4: 5, IPv6: 0, 最小延迟: 36 ms, 最高速率: 29.18 MiB/s, 平均速率: 16.21 MiB/s, 最高分辨率: 1920x1080, 平均帧率: 26.67, 视频编解码器: h264, 音频编解码器: aac
分类: 央视, 名称: CCTV央视台球, 有效: 3, IPv4: 5, IPv6: 0, 最小延迟: 36 ms, 最高速率: 10.54 MiB/s, 平均速率: 5.99 MiB/s, 最高分辨率: 1920x1080, 平均帧率: 25.0, 视频编解码器: h264, 音频编解码器: aac
分类: 央视, 名称: CCTV电视指南, 有效: 1, IPv4: 6, IPv6: 0, 最小延迟: 38 ms, 最高速率: 12.25 MiB/s, 平均速率: 12.25 MiB/s, 最高分辨率: 1920x1080, 平均帧率: 25.0, 视频编解码器: h264, 音频编解码器: aac
分类: 央视, 名称: CCTV卫生健康, 有效: 1, IPv4: 1, IPv6: 0, 最小延迟: 37 ms, 最高速率: 12.48 MiB/s, 平均速率: 12.48 MiB/s, 最高分辨率: 1280x720, 平均帧率: 25.0, 视频编解码器: h264, 音频编解码器: aac
分类: 央视, 名称: 聚鲨环球精选, 有效: 1, IPv4: 2, IPv6: 0, 最小延迟: 358 ms, 最高速率: 0.38 MiB/s, 平均速率: 0.38 MiB/s, 最高分辨率: 1280x720, 平均帧率: 25.0, 视频编解码器: h264, 音频编解码器: aac
分类: 央视, 名称: 央广购物, 有效: 0, IPv4: 1, IPv6: 0, 最小延迟: — ms, 最高速率: 0.00 MiB/s, 平均速率: 0.00 MiB/s, 最高分辨率: —, 平均帧率: 未知, 视频编解码器: 未知, 音频编解码器: 未知
分类: 央视, 名称: 中国交通, 有效: 0, IPv4: 7, IPv6: 0, 最小延迟: 379 ms, 最高速率: 0.11 MiB/s, 平均速率: 0.00 MiB/s, 最高分辨率: —, 平均帧率: 未知, 视频编解码器: 未知, 音频编解码器: 未知
分类: 央视, 名称: CHC家庭影院, 有效: 5, IPv4: 10, IPv6: 0, 最小延迟: 26 ms, 最高速率: 29.77 MiB/s, 平均速率: 19.98 MiB/s, 最高分辨率: 1920x1080, 平均帧率: 25.0, 视频编解码器: h264, 音频编解码器: aac
分类: 央视, 名称: 环球奇观, 有效: 0, IPv4: 1, IPv6: 0, 最小延迟: — ms, 最高速率: 0.00 MiB/s, 平均速率: 0.00 MiB/s, 最高分辨率: —, 平均帧率: 未知, 视频编解码器: 未知, 音频编解码器: 未知
分类: 央视, 名称: CHC影迷电影, 有效: 2, IPv4: 5, IPv6: 0, 最小延迟: 37 ms, 最高速率: 10.44 MiB/s, 平均速率: 10.31 MiB/s, 最高分辨率: 1920x1080, 平均帧率: 25.0, 视频编解码器: h264, 音频编解码器: aac
分类: 央视, 名称: CHC动作电影, 有效: 3, IPv4: 12, IPv6: 0, 最小延迟: 25 ms, 最高速率: 8.27 MiB/s, 平均速率: 5.63 MiB/s, 最高分辨率: 1920x1080, 平均帧率: 25.0, 视频编解码器: h264, 音频编解码器: aac
分类: 央视, 名称: 重温经典, 有效: 5, IPv4: 24, IPv6: 0, 最小延迟: 40 ms, 最高速率: 10.91 MiB/s, 平均速率: 4.98 MiB/s, 最高分辨率: 1920x1080, 平均帧率: 35.0, 视频编解码器: h264, 音频编解码器: aac
分类: 央视, 名称: 中央新影-中学生, 有效: 0, IPv4: 15, IPv6: 0, 最小延迟: 177 ms, 最高速率: 0.00 MiB/s, 平均速率: 0.00 MiB/s, 最高分辨率: —, 平均帧率: 未知, 视频编解码器: 未知, 音频编解码器: 未知
分类: 央视, 名称: 中央新影-老故事, 有效: 0, IPv4: 21, IPv6: 0, 最小延迟: 26 ms, 最高速率: 32.62 MiB/s, 平均速率: 0.00 MiB/s, 最高分辨率: 720x576, 平均帧率: 25.0, 视频编解码器: h264, 音频编解码器: aac
分类: 央视, 名称: 中央新影-发现之旅, 有效: 1, IPv4: 19, IPv6: 0, 最小延迟: 26 ms, 最高速率: 31.09 MiB/s, 平均速率: 4.20 MiB/s, 最高分辨率: 1280x720, 平均帧率: 25.0, 视频编解码器: h264, 音频编解码器: aac
分类: 央视, 名称: CETV1, 有效: 4, IPv4: 34, IPv6: 0, 最小延迟: 24 ms, 最高速率: 30.18 MiB/s, 平均速率: 14.00 MiB/s, 最高分辨率: 1920x1080, 平均帧率: 25.0, 视频编解码器: h264, 音频编解码器: aac
分类: 央视, 名称: CETV2, 有效: 0, IPv4: 22, IPv6: 0, 最小延迟: 25 ms, 最高速率: 19.98 MiB/s, 平均速率: 0.00 MiB/s, 最高分辨率: 720x576, 平均帧率: 25.0, 视频编解码器: h264, 音频编解码器: aac
分类: 央视, 名称: CETV3, 有效: 0, IPv4: 5, IPv6: 0, 最小延迟: 27 ms, 最高速率: 29.48 MiB/s, 平均速率: 0.00 MiB/s, 最高分辨率: 720x576, 平均帧率: 25.0, 视频编解码器: h264, 音频编解码器: aac
分类: 央视, 名称: CETV4, 有效: 0, IPv4: 21, IPv6: 0, 最小延迟: 25 ms, 最高速率: 24.45 MiB/s, 平均速率: 0.00 MiB/s, 最高分辨率: 720x576, 平均帧率: 25.0, 视频编解码器: h264, 音频编解码器: aac
分类: 央视, 名称: CETV早期教育, 有效: 0, IPv4: 2, IPv6: 0, 最小延迟: 36 ms, 最高速率: 8.66 MiB/s, 平均速率: 0.00 MiB/s, 最高分辨率: 720x576, 平均帧率: 25.0, 视频编解码器: h264, 音频编解码器: aac
分类: 央视, 名称: 中国天气, 有效: 0, IPv4: 18, IPv6: 0, 最小延迟: 377 ms, 最高速率: 0.00 MiB/s, 平均速率: 0.00 MiB/s, 最高分辨率: —, 平均帧率: 未知, 视频编解码器: 未知, 音频编解码器: 未知
分类: 央视, 名称: 书画, 有效: 0, IPv4: 3, IPv6: 0, 最小延迟: — ms, 最高速率: 0.00 MiB/s, 平均速率: 0.00 MiB/s, 最高分辨率: —, 平均帧率: 未知, 视频编解码器: 未知, 音频编解码器: 未知
分类: 央视, 名称: 睛彩竞技, 有效: 0, IPv4: 2, IPv6: 0, 最小延迟: — ms, 最高速率: 0.00 MiB/s, 平均速率: 0.00 MiB/s, 最高分辨率: —, 平均帧率: 未知, 视频编解码器: 未知, 音频编解码器: 未知
分类: 央视, 名称: 睛彩广场舞, 有效: 0, IPv4: 3, IPv6: 0, 最小延迟: — ms, 最高速率: 0.00 MiB/s, 平均速率: 0.00 MiB/s, 最高分辨率: —, 平均帧率: 未知, 视频编解码器: 未知, 音频编解码器: 未知
分类: 央视, 名称: 睛彩青少, 有效: 0, IPv4: 3, IPv6: 0, 最小延迟: — ms, 最高速率: 0.00 MiB/s, 平均速率: 0.00 MiB/s, 最高分辨率: —, 平均帧率: 未知, 视频编解码器: 未知, 音频编解码器: 未知
分类: 央视, 名称: 百姓健康, 有效: 0, IPv4: 1, IPv6: 0, 最小延迟: — ms, 最高速率: 0.00 MiB/s, 平均速率: 0.00 MiB/s, 最高分辨率: —, 平均帧率: 未知, 视频编解码器: 未知, 音频编解码器: 未知
分类: 央视, 名称: 睛彩篮球, 有效: 0, IPv4: 2, IPv6: 0, 最小延迟: — ms, 最高速率: 0.00 MiB/s, 平均速率: 0.00 MiB/s, 最高分辨率: —, 平均帧率: 未知, 视频编解码器: 未知, 音频编解码器: 未知
分类: 央视, 名称: 每经AI电视, 有效: 0, IPv4: 6, IPv6: 0, 最小延迟: — ms, 最高速率: 0.00 MiB/s, 平均速率: 0.00 MiB/s, 最高分辨率: —, 平均帧率: 未知, 视频编解码器: 未知, 音频编解码器: 未知
分类: 卫视, 名称: 广东卫视4K, 有效: 4, IPv4: 48, IPv6: 0, 最小延迟: 40 ms, 最高速率: 10.77 MiB/s, 平均速率: 7.80 MiB/s, 最高分辨率: 1920x1080, 平均帧率: 28.12, 视频编解码器: h264, 音频编解码器: aac
分类: 卫视, 名称: 深圳卫视4K, 有效: 5, IPv4: 43, IPv6: 0, 最小延迟: 40 ms, 最高速率: 10.61 MiB/s, 平均速率: 4.55 MiB/s, 最高分辨率: 1920x1080, 平均帧率: 30.0, 视频编解码器: h264, 音频编解码器: aac
分类: 卫视, 名称: 北京卫视4K, 有效: 0, IPv4: 3, IPv6: 0, 最小延迟: — ms, 最高速率: 0.00 MiB/s, 平均速率: 0.00 MiB/s, 最高分辨率: —, 平均帧率: 未知, 视频编解码器: 未知, 音频编解码器: 未知
分类: 卫视, 名称: 东方卫视4K, 有效: 0, IPv4: 6, IPv6: 0, 最小延迟: 204 ms, 最高速率: 0.35 MiB/s, 平均速率: 0.00 MiB/s, 最高分辨率: 1920x1080, 平均帧率: 25.0, 视频编解码器: h264, 音频编解码器: aac
分类: 卫视, 名称: 湖南卫视4K, 有效: 9, IPv4: 20, IPv6: 0, 最小延迟: 31 ms, 最高速率: 14.87 MiB/s, 平均速率: 6.89 MiB/s, 最高分辨率: 3840x2160, 平均帧率: 25.42, 视频编解码器: h264, 音频编解码器: aac
分类: 卫视, 名称: 四川卫视4K, 有效: 0, IPv4: 5, IPv6: 0, 最小延迟: — ms, 最高速率: 0.00 MiB/s, 平均速率: 0.00 MiB/s, 最高分辨率: —, 平均帧率: 未知, 视频编解码器: 未知, 音频编解码器: 未知
分类: 卫视, 名称: 山东卫视4K, 有效: 6, IPv4: 46, IPv6: 0, 最小延迟: 27 ms, 最高速率: 11.87 MiB/s, 平均速率: 3.10 MiB/s, 最高分辨率: 1920x1080, 平均帧率: 27.78, 视频编解码器: h264, 音频编解码器: aac
分类: 卫视, 名称: 浙江卫视4K, 有效: 3, IPv4: 48, IPv6: 0, 最小延迟: 36 ms, 最高速率: 11.43 MiB/s, 平均速率: 5.15 MiB/s, 最高分辨率: 1920x1080, 平均帧率: 27.5, 视频编解码器: h264, 音频编解码器: aac
分类: 卫视, 名称: 江苏卫视4K, 有效: 6, IPv4: 36, IPv6: 0, 最小延迟: 26 ms, 最高速率: 25.39 MiB/s, 平均速率: 8.21 MiB/s, 最高分辨率: 3840x2160, 平均帧率: 27.27, 视频编解码器: h264, 音频编解码器: aac
分类: 卫视, 名称: 香港卫视, 有效: 0, IPv4: 8, IPv6: 0, 最小延迟: 1235 ms, 最高速率: 0.07 MiB/s, 平均速率: 0.00 MiB/s, 最高分辨率: —, 平均帧率: 未知, 视频编解码器: 未知, 音频编解码器: 未知
分类: 卫视, 名称: 北京卫视, 有效: 3, IPv4: 37, IPv6: 0, 最小延迟: 38 ms, 最高速率: 11.24 MiB/s, 平均速率: 7.35 MiB/s, 最高分辨率: 1920x1080, 平均帧率: 30.0, 视频编解码器: h264, 音频编解码器: aac
分类: 卫视, 名称: 湖北卫视, 有效: 5, IPv4: 38, IPv6: 0, 最小延迟: 36 ms, 最高速率: 12.90 MiB/s, 平均速率: 7.14 MiB/s, 最高分辨率: 1920x1080, 平均帧率: 30.56, 视频编解码器: h264, 音频编解码器: aac
分类: 卫视, 名称: 黑龙江卫视, 有效: 3, IPv4: 36, IPv6: 0, 最小延迟: 39 ms, 最高速率: 11.59 MiB/s, 平均速率: 7.68 MiB/s, 最高分辨率: 1920x1080, 平均帧率: 31.25, 视频编解码器: h264, 音频编解码器: aac
分类: 卫视, 名称: 安徽卫视, 有效: 6, IPv4: 28, IPv6: 0, 最小延迟: 37 ms, 最高速率: 12.49 MiB/s, 平均速率: 3.47 MiB/s, 最高分辨率: 1920x1080, 平均帧率: 31.82, 视频编解码器: h264, 音频编解码器: aac
分类: 卫视, 名称: 重庆卫视, 有效: 2, IPv4: 204, IPv6: 0, 最小延迟: 27 ms, 最高速率: 20.74 MiB/s, 平均速率: 14.48 MiB/s, 最高分辨率: 1920x1080, 平均帧率: 28.12, 视频编解码器: h264, 音频编解码器: aac
分类: 卫视, 名称: 东方卫视, 有效: 4, IPv4: 34, IPv6: 0, 最小延迟: 24 ms, 最高速率: 15.53 MiB/s, 平均速率: 11.19 MiB/s, 最高分辨率: 1920x1080, 平均帧率: 25.0, 视频编解码器: h264, 音频编解码器: aac
分类: 卫视, 名称: 东南卫视, 有效: 3, IPv4: 29, IPv6: 0, 最小延迟: 40 ms, 最高速率: 11.29 MiB/s, 平均速率: 7.64 MiB/s, 最高分辨率: 1920x1080, 平均帧率: 29.17, 视频编解码器: h264, 音频编解码器: aac
分类: 卫视, 名称: 甘肃卫视, 有效: 1, IPv4: 24, IPv6: 0, 最小延迟: 36 ms, 最高速率: 11.99 MiB/s, 平均速率: 11.99 MiB/s, 最高分辨率: 1920x1080, 平均帧率: 25.0, 视频编解码器: h264, 音频编解码器: aac
分类: 卫视, 名称: 广西卫视, 有效: 2, IPv4: 34, IPv6: 0, 最小延迟: 38 ms, 最高速率: 6.78 MiB/s, 平均速率: 4.20 MiB/s, 最高分辨率: 1920x1080, 平均帧率: 32.14, 视频编解码器: h264, 音频编解码器: aac
分类: 卫视, 名称: 贵州卫视, 有效: 5, IPv4: 12, IPv6: 0, 最小延迟: 38 ms, 最高速率: 16.41 MiB/s, 平均速率: 11.56 MiB/s, 最高分辨率: 1920x1080, 平均帧率: 25.0, 视频编解码器: h264, 音频编解码器: aac
分类: 卫视, 名称: 海南卫视, 有效: 0, IPv4: 29, IPv6: 0, 最小延迟: 42 ms, 最高速率: 0.41 MiB/s, 平均速率: 0.00 MiB/s, 最高分辨率: 1920x1080, 平均帧率: 25.0, 视频编解码器: h264, 音频编解码器: aac
分类: 卫视, 名称: 河北卫视, 有效: 2, IPv4: 32, IPv6: 0, 最小延迟: 37 ms, 最高速率: 10.99 MiB/s, 平均速率: 5.76 MiB/s, 最高分辨率: 1920x1080, 平均帧率: 25.0, 视频编解码器: h264, 音频编解码器: aac
分类: 卫视, 名称: 河南卫视, 有效: 4, IPv4: 41, IPv6: 0, 最小延迟: 27 ms, 最高速率: 30.80 MiB/s, 平均速率: 10.86 MiB/s, 最高分辨率: 1920x1080, 平均帧率: 30.0, 视频编解码器: h264, 音频编解码器: aac
分类: 卫视, 名称: 吉林卫视, 有效: 2, IPv4: 35, IPv6: 0, 最小延迟: 38 ms, 最高速率: 10.18 MiB/s, 平均速率: 10.06 MiB/s, 最高分辨率: 1920x1080, 平均帧率: 25.0, 视频编解码器: h264, 音频编解码器: aac
分类: 卫视, 名称: 江西卫视, 有效: 3, IPv4: 39, IPv6: 0, 最小延迟: 40 ms, 最高速率: 17.54 MiB/s, 平均速率: 9.82 MiB/s, 最高分辨率: 1920x1080, 平均帧率: 30.56, 视频编解码器: h264, 音频编解码器: aac
分类: 卫视, 名称: 辽宁卫视, 有效: 5, IPv4: 13, IPv6: 0, 最小延迟: 24 ms, 最高速率: 12.85 MiB/s, 平均速率: 9.68 MiB/s, 最高分辨率: 1920x1080, 平均帧率: 25.83, 视频编解码器: h264, 音频编解码器: aac
分类: 卫视, 名称: 内蒙古卫视, 有效: 2, IPv4: 49, IPv6: 0, 最小延迟: 25 ms, 最高速率: 9.22 MiB/s, 平均速率: 6.78 MiB/s, 最高分辨率: 1920x1080, 平均帧率: 30.56, 视频编解码器: h264, 音频编解码器: aac
分类: 卫视, 名称: 宁夏卫视, 有效: 5, IPv4: 33, IPv6: 0, 最小延迟: 39 ms, 最高速率: 12.16 MiB/s, 平均速率: 5.19 MiB/s, 最高分辨率: 1920x1080, 平均帧率: 25.0, 视频编解码器: h264, 音频编解码器: aac
分类: 卫视, 名称: 青海卫视, 有效: 2, IPv4: 29, IPv6: 0, 最小延迟: 36 ms, 最高速率: 18.78 MiB/s, 平均速率: 15.78 MiB/s, 最高分辨率: 1920x1080, 平均帧率: 33.33, 视频编解码器: h264, 音频编解码器: aac
分类: 卫视, 名称: 山西卫视, 有效: 4, IPv4: 29, IPv6: 0, 最小延迟: 26 ms, 最高速率: 36.28 MiB/s, 平均速率: 21.10 MiB/s, 最高分辨率: 1920x1080, 平均帧率: 26.25, 视频编解码器: h264, 音频编解码器: aac
分类: 卫视, 名称: 陕西卫视, 有效: 4, IPv4: 39, IPv6: 0, 最小延迟: 36 ms, 最高速率: 26.29 MiB/s, 平均速率: 15.48 MiB/s, 最高分辨率: 1920x1080, 平均帧率: 28.33, 视频编解码器: h264, 音频编解码器: aac
分类: 卫视, 名称: 四川卫视, 有效: 4, IPv4: 39, IPv6: 0, 最小延迟: 27 ms, 最高速率: 11.02 MiB/s, 平均速率: 5.99 MiB/s, 最高分辨率: 1920x1080, 平均帧率: 33.57, 视频编解码器: h264, 音频编解码器: aac
分类: 卫视, 名称: 三沙卫视, 有效: 4, IPv4: 11, IPv6: 0, 最小延迟: 37 ms, 最高速率: 11.10 MiB/s, 平均速率: 5.02 MiB/s, 最高分辨率: 1920x1080, 平均帧率: 33.75, 视频编解码器: h264, 音频编解码器: aac
分类: 卫视, 名称: 天津卫视, 有效: 5, IPv4: 10, IPv6: 0, 最小延迟: 36 ms, 最高速率: 17.49 MiB/s, 平均速率: 6.23 MiB/s, 最高分辨率: 1920x1080, 平均帧率: 25.0, 视频编解码器: h264, 音频编解码器: aac
分类: 卫视, 名称: 西藏卫视, 有效: 5, IPv4: 29, IPv6: 0, 最小延迟: 36 ms, 最高速率: 5.02 MiB/s, 平均速率: 1.57 MiB/s, 最高分辨率: 1920x1080, 平均帧率: 37.14, 视频编解码器: h264, 音频编解码器: mp2
分类: 卫视, 名称: 新疆卫视, 有效: 8, IPv4: 26, IPv6: 0, 最小延迟: 25 ms, 最高速率: 9.53 MiB/s, 平均速率: 3.19 MiB/s, 最高分辨率: 1920x1080, 平均帧率: 33.33, 视频编解码器: h264, 音频编解码器: aac
分类: 卫视, 名称: 云南卫视, 有效: 4, IPv4: 31, IPv6: 0, 最小延迟: 36 ms, 最高速率: 11.25 MiB/s, 平均速率: 5.84 MiB/s, 最高分辨率: 1920x1080, 平均帧率: 28.12, 视频编解码器: h264, 音频编解码器: aac
分类: 卫视, 名称: 兵团卫视, 有效: 1, IPv4: 19, IPv6: 0, 最小延迟: 38 ms, 最高速率: 10.35 MiB/s, 平均速率: 10.35 MiB/s, 最高分辨率: 1920x1080, 平均帧率: 25.0, 视频编解码器: h264, 音频编解码器: aac
分类: 江西, 名称: 九江新闻综合, 有效: 0, IPv4: 3, IPv6: 0, 最小延迟: 501 ms, 最高速率: 0.00 MiB/s, 平均速率: 0.00 MiB/s, 最高分辨率: —, 平均帧率: 未知, 视频编解码器: 未知, 音频编解码器: 未知
分类: 江西, 名称: 新余新闻综合, 有效: 0, IPv4: 1, IPv6: 0, 最小延迟: 278 ms, 最高速率: 0.01 MiB/s, 平均速率: 0.00 MiB/s, 最高分辨率: —, 平均帧率: 未知, 视频编解码器: 未知, 音频编解码器: 未知
分类: 江西, 名称: 九江公共, 有效: 0, IPv4: 3, IPv6: 0, 最小延迟: 719 ms, 最高速率: 0.00 MiB/s, 平均速率: 0.00 MiB/s, 最高分辨率: —, 平均帧率: 未知, 视频编解码器: 未知, 音频编解码器: 未知
分类: 江西, 名称: 九江教育, 有效: 0, IPv4: 3, IPv6: 0, 最小延迟: 890 ms, 最高速率: 0.00 MiB/s, 平均速率: 0.00 MiB/s, 最高分辨率: —, 平均帧率: 未知, 视频编解码器: 未知, 音频编解码器: 未知
分类: 江西, 名称: 新余教育, 有效: 0, IPv4: 1, IPv6: 0, 最小延迟: 288 ms, 最高速率: 0.14 MiB/s, 平均速率: 0.00 MiB/s, 最高分辨率: —, 平均帧率: 未知, 视频编解码器: 未知, 音频编解码器: 未知
分类: 江西, 名称: 萍乡新闻综合, 有效: 0, IPv4: 3, IPv6: 0, 最小延迟: 1406 ms, 最高速率: 0.15 MiB/s, 平均速率: 0.00 MiB/s, 最高分辨率: —, 平均帧率: 未知, 视频编解码器: 未知, 音频编解码器: 未知
分类: 江西, 名称: 赣州新闻综合, 有效: 0, IPv4: 2, IPv6: 0, 最小延迟: — ms, 最高速率: 0.00 MiB/s, 平均速率: 0.00 MiB/s, 最高分辨率: —, 平均帧率: 未知, 视频编解码器: 未知, 音频编解码器: 未知
分类: 江西, 名称: 赣州经济生活, 有效: 0, IPv4: 1, IPv6: 0, 最小延迟: — ms, 最高速率: 0.00 MiB/s, 平均速率: 0.00 MiB/s, 最高分辨率: —, 平均帧率: 未知, 视频编解码器: 未知, 音频编解码器: 未知
分类: 江西, 名称: 景德镇新闻综合, 有效: 0, IPv4: 3, IPv6: 0, 最小延迟: 502 ms, 最高速率: 0.00 MiB/s, 平均速率: 0.00 MiB/s, 最高分辨率: —, 平均帧率: 未知, 视频编解码器: 未知, 音频编解码器: 未知
分类: 江西, 名称: 鹰潭综合, 有效: 0, IPv4: 1, IPv6: 0, 最小延迟: 570 ms, 最高速率: 0.19 MiB/s, 平均速率: 0.00 MiB/s, 最高分辨率: —, 平均帧率: 未知, 视频编解码器: 未知, 音频编解码器: 未知
分类: 江西, 名称: 上饶新闻综合, 有效: 2, IPv4: 4, IPv6: 0, 最小延迟: 457 ms, 最高速率: 1.20 MiB/s, 平均速率: 0.97 MiB/s, 最高分辨率: 1920x1080, 平均帧率: 25.0, 视频编解码器: h264, 音频编解码器: aac
分类: 江西, 名称: 宜春综合, 有效: 0, IPv4: 2, IPv6: 0, 最小延迟: — ms, 最高速率: 0.00 MiB/s, 平均速率: 0.00 MiB/s, 最高分辨率: —, 平均帧率: 未知, 视频编解码器: 未知, 音频编解码器: 未知
分类: 江西, 名称: 上饶经济旅游, 有效: 1, IPv4: 3, IPv6: 0, 最小延迟: 864 ms, 最高速率: 1.55 MiB/s, 平均速率: 1.55 MiB/s, 最高分辨率: 1920x1080, 平均帧率: 25.0, 视频编解码器: h264, 音频编解码器: aac
分类: 江西, 名称: 赣县综合, 有效: 0, IPv4: 1, IPv6: 0, 最小延迟: — ms, 最高速率: 0.00 MiB/s, 平均速率: 0.00 MiB/s, 最高分辨率: —, 平均帧率: 未知, 视频编解码器: 未知, 音频编解码器: 未知
分类: 江西, 名称: 万载综合, 有效: 0, IPv4: 1, IPv6: 0, 最小延迟: 426 ms, 最高速率: 0.59 MiB/s, 平均速率: 0.00 MiB/s, 最高分辨率: 1024x576, 平均帧率: 25.0, 视频编解码器: 未知, 音频编解码器: 未知
分类: 江西, 名称: 章贡综合, 有效: 0, IPv4: 1, IPv6: 0, 最小延迟: 302 ms, 最高速率: 0.17 MiB/s, 平均速率: 0.00 MiB/s, 最高分辨率: —, 平均帧率: 未知, 视频编解码器: 未知, 音频编解码器: 未知
分类: 江西, 名称: 宜春法治民生, 有效: 0, IPv4: 1, IPv6: 0, 最小延迟: — ms, 最高速率: 0.00 MiB/s, 平均速率: 0.00 MiB/s, 最高分辨率: —, 平均帧率: 未知, 视频编解码器: 未知, 音频编解码器: 未知
分类: 江西, 名称: 抚州综合, 有效: 0, IPv4: 1, IPv6: 0, 最小延迟: — ms, 最高速率: 0.00 MiB/s, 平均速率: 0.00 MiB/s, 最高分辨率: —, 平均帧率: 未知, 视频编解码器: 未知, 音频编解码器: 未知
分类: 广东, 名称: 广东珠江, 有效: 2, IPv4: 6, IPv6: 0, 最小延迟: 37 ms, 最高速率: 6.54 MiB/s, 平均速率: 5.70 MiB/s, 最高分辨率: 1280x720, 平均帧率: 25.0, 视频编解码器: h264, 音频编解码器: aac
分类: 广东, 名称: 广东民生, 有效: 0, IPv4: 3, IPv6: 0, 最小延迟: 487 ms, 最高速率: 0.06 MiB/s, 平均速率: 0.00 MiB/s, 最高分辨率: —, 平均帧率: 未知, 视频编解码器: 未知, 音频编解码器: 未知
分类: 广东, 名称: 广东体育, 有效: 1, IPv4: 7, IPv6: 0, 最小延迟: 40 ms, 最高速率: 2.74 MiB/s, 平均速率: 2.74 MiB/s, 最高分辨率: 1280x720, 平均帧率: 25.0, 视频编解码器: h264, 音频编解码器: aac
分类: 广东, 名称: 嘉佳卡通, 有效: 0, IPv4: 10, IPv6: 0, 最小延迟: 36 ms, 最高速率: 8.80 MiB/s, 平均速率: 0.00 MiB/s, 最高分辨率: 720x576, 平均帧率: 25.0, 视频编解码器: h264, 音频编解码器: aac
分类: 广东, 名称: 广东新闻, 有效: 1, IPv4: 3, IPv6: 0, 最小延迟: 26 ms, 最高速率: 12.42 MiB/s, 平均速率: 12.42 MiB/s, 最高分辨率: 1280x720, 平均帧率: 25.0, 视频编解码器: h264, 音频编解码器: aac
分类: 广东, 名称: 广东经济科教, 有效: 0, IPv4: 8, IPv6: 0, 最小延迟: 251 ms, 最高速率: 0.06 MiB/s, 平均速率: 0.00 MiB/s, 最高分辨率: —, 平均帧率: 未知, 视频编解码器: 未知, 音频编解码器: 未知
分类: 广东, 名称: 大湾区卫视, 有效: 5, IPv4: 12, IPv6: 0, 最小延迟: 26 ms, 最高速率: 19.79 MiB/s, 平均速率: 14.16 MiB/s, 最高分辨率: 1920x1080, 平均帧率: 25.0, 视频编解码器: h264, 音频编解码器: aac
分类: 广东, 名称: 广东4K, 有效: 2, IPv4: 2, IPv6: 0, 最小延迟: 25 ms, 最高速率: 17.74 MiB/s, 平均速率: 12.74 MiB/s, 最高分辨率: 1280x720, 平均帧率: 25.0, 视频编解码器: h264, 音频编解码器: aac
分类: 广东, 名称: 广东影视, 有效: 0, IPv4: 23, IPv6: 0, 最小延迟: 254 ms, 最高速率: 0.14 MiB/s, 平均速率: 0.00 MiB/s, 最高分辨率: —, 平均帧率: 未知, 视频编解码器: 未知, 音频编解码器: 未知
分类: 广东, 名称: 广东少儿, 有效: 2, IPv4: 18, IPv6: 0, 最小延迟: 27 ms, 最高速率: 18.88 MiB/s, 平均速率: 12.23 MiB/s, 最高分辨率: 1280x720, 平均帧率: 25.0, 视频编解码器: h264, 音频编解码器: aac
分类: 广东, 名称: 岭南戏曲, 有效: 0, IPv4: 11, IPv6: 0, 最小延迟: — ms, 最高速率: 0.00 MiB/s, 平均速率: 0.00 MiB/s, 最高分辨率: —, 平均帧率: 未知, 视频编解码器: 未知, 音频编解码器: 未知
分类: 广东, 名称: 广东移动, 有效: 2, IPv4: 5, IPv6: 0, 最小延迟: 26 ms, 最高速率: 8.12 MiB/s, 平均速率: 7.02 MiB/s, 最高分辨率: 1280x720, 平均帧率: 25.0, 视频编解码器: h264, 音频编解码器: aac
分类: 广东, 名称: 纪录片, 有效: 0, IPv4: 2, IPv6: 0, 最小延迟: — ms, 最高速率: 0.00 MiB/s, 平均速率: 0.00 MiB/s, 最高分辨率: —, 平均帧率: 未知, 视频编解码器: 未知, 音频编解码器: 未知
分类: 广东, 名称: 深圳电视剧, 有效: 0, IPv4: 8, IPv6: 0, 最小延迟: 290 ms, 最高速率: 0.16 MiB/s, 平均速率: 0.00 MiB/s, 最高分辨率: —, 平均帧率: 未知, 视频编解码器: 未知, 音频编解码器: 未知
分类: 广东, 名称: 深圳都市, 有效: 0, IPv4: 8, IPv6: 0, 最小延迟: 254 ms, 最高速率: 0.07 MiB/s, 平均速率: 0.00 MiB/s, 最高分辨率: —, 平均帧率: 未知, 视频编解码器: 未知, 音频编解码器: 未知
分类: 广东, 名称: 深圳宜和购物, 有效: 0, IPv4: 1, IPv6: 0, 最小延迟: — ms, 最高速率: 0.00 MiB/s, 平均速率: 0.00 MiB/s, 最高分辨率: —, 平均帧率: 未知, 视频编解码器: 未知, 音频编解码器: 未知
分类: 广东, 名称: 深圳国际, 有效: 2, IPv4: 5, IPv6: 0, 最小延迟: 42 ms, 最高速率: 4.65 MiB/s, 平均速率: 2.63 MiB/s, 最高分辨率: 1920x1080, 平均帧率: 29.97, 视频编解码器: h264, 音频编解码器: aac
分类: 广东, 名称: 深圳少儿, 有效: 0, IPv4: 1, IPv6: 0, 最小延迟: 1169 ms, 最高速率: 0.04 MiB/s, 平均速率: 0.00 MiB/s, 最高分辨率: —, 平均帧率: 未知, 视频编解码器: 未知, 音频编解码器: 未知
分类: 广东, 名称: 深圳龙岗, 有效: 0, IPv4: 4, IPv6: 0, 最小延迟: 489 ms, 最高速率: 0.46 MiB/s, 平均速率: 0.00 MiB/s, 最高分辨率: —, 平均帧率: 25.0, 视频编解码器: h264, 音频编解码器: mp2
分类: 广东, 名称: 湛江新闻综合, 有效: 0, IPv4: 2, IPv6: 0, 最小延迟: 492 ms, 最高速率: 0.49 MiB/s, 平均速率: 0.00 MiB/s, 最高分辨率: 1920x1080, 平均帧率: 25.0, 视频编解码器: h264, 音频编解码器: mp2
分类: 广东, 名称: 湛江公共, 有效: 0, IPv4: 4, IPv6: 0, 最小延迟: — ms, 最高速率: 0.00 MiB/s, 平均速率: 0.00 MiB/s, 最高分辨率: —, 平均帧率: 未知, 视频编解码器: 未知, 音频编解码器: 未知
分类: 广东, 名称: 深圳宝安, 有效: 0, IPv4: 2, IPv6: 0, 最小延迟: — ms, 最高速率: 0.00 MiB/s, 平均速率: 0.00 MiB/s, 最高分辨率: —, 平均帧率: 未知, 视频编解码器: 未知, 音频编解码器: 未知
分类: 广东, 名称: 佛山南海, 有效: 1, IPv4: 3, IPv6: 0, 最小延迟: 497 ms, 最高速率: 0.54 MiB/s, 平均速率: 0.54 MiB/s, 最高分辨率: 1920x1080, 平均帧率: 25.0, 视频编解码器: h264, 音频编解码器: mp2
分类: 广东, 名称: 肇庆综合, 有效: 1, IPv4: 1, IPv6: 0, 最小延迟: 491 ms, 最高速率: 0.70 MiB/s, 平均速率: 0.70 MiB/s, 最高分辨率: —, 平均帧率: 25.0, 视频编解码器: h264, 音频编解码器: mp2
分类: 广东, 名称: 肇庆生活服务, 有效: 0, IPv4: 1, IPv6: 0, 最小延迟: 633 ms, 最高速率: 0.22 MiB/s, 平均速率: 0.00 MiB/s, 最高分辨率: 720x576, 平均帧率: 25.0, 视频编解码器: h264, 音频编解码器: mp2
分类: 广东, 名称: 佛山顺德, 有效: 1, IPv4: 4, IPv6: 0, 最小延迟: 487 ms, 最高速率: 0.67 MiB/s, 平均速率: 0.67 MiB/s, 最高分辨率: 1920x1080, 平均帧率: 25.0, 视频编解码器: h264, 音频编解码器: mp2
分类: 广东, 名称: 汕尾综合, 有效: 0, IPv4: 1, IPv6: 0, 最小延迟: 595 ms, 最高速率: 0.01 MiB/s, 平均速率: 0.00 MiB/s, 最高分辨率: —, 平均帧率: 未知, 视频编解码器: 未知, 音频编解码器: 未知
分类: 广东, 名称: 广州综合, 有效: 4, IPv4: 15, IPv6: 0, 最小延迟: 317 ms, 最高速率: 0.55 MiB/s, 平均速率: 0.46 MiB/s, 最高分辨率: 1280x720, 平均帧率: 25.0, 视频编解码器: h264, 音频编解码器: aac
分类: 广东, 名称: 阳江综合, 有效: 0, IPv4: 1, IPv6: 0, 最小延迟: — ms, 最高速率: 0.00 MiB/s, 平均速率: 0.00 MiB/s, 最高分辨率: —, 平均帧率: 未知, 视频编解码器: 未知, 音频编解码器: 未知
分类: 广东, 名称: 广州新闻, 有效: 6, IPv4: 12, IPv6: 0, 最小延迟: 205 ms, 最高速率: 2.81 MiB/s, 平均速率: 1.44 MiB/s, 最高分辨率: 1280x720, 平均帧率: 25.0, 视频编解码器: h264, 音频编解码器: aac
分类: 广东, 名称: 广州南国都市, 有效: 1, IPv4: 10, IPv6: 0, 最小延迟: 371 ms, 最高速率: 0.89 MiB/s, 平均速率: 0.89 MiB/s, 最高分辨率: 1920x1080, 平均帧率: 50.0, 视频编解码器: h264, 音频编解码器: aac
分类: 广东, 名称: 河源综合, 有效: 0, IPv4: 3, IPv6: 0, 最小延迟: 304 ms, 最高速率: 0.13 MiB/s, 平均速率: 0.00 MiB/s, 最高分辨率: —, 平均帧率: 未知, 视频编解码器: 未知, 音频编解码器: 未知
分类: 广东, 名称: 河源生活, 有效: 0, IPv4: 2, IPv6: 0, 最小延迟: — ms, 最高速率: 0.00 MiB/s, 平均速率: 0.00 MiB/s, 最高分辨率: —, 平均帧率: 未知, 视频编解码器: 未知, 音频编解码器: 未知
分类: 广东, 名称: 惠州新闻综合, 有效: 0, IPv4: 1, IPv6: 0, 最小延迟: — ms, 最高速率: 0.00 MiB/s, 平均速率: 0.00 MiB/s, 最高分辨率: —, 平均帧率: 未知, 视频编解码器: 未知, 音频编解码器: 未知
分类: 广东, 名称: 中山综合, 有效: 0, IPv4: 2, IPv6: 0, 最小延迟: 498 ms, 最高速率: 0.49 MiB/s, 平均速率: 0.00 MiB/s, 最高分辨率: 1920x1080, 平均帧率: 25.0, 视频编解码器: h264, 音频编解码器: mp2
分类: 广东, 名称: 清远新闻综合, 有效: 0, IPv4: 2, IPv6: 0, 最小延迟: 502 ms, 最高速率: 0.47 MiB/s, 平均速率: 0.00 MiB/s, 最高分辨率: 1920x1080, 平均帧率: 25.0, 视频编解码器: h264, 音频编解码器: mp2
分类: 广东, 名称: 珠海新闻综合, 有效: 1, IPv4: 1, IPv6: 0, 最小延迟: 485 ms, 最高速率: 0.69 MiB/s, 平均速率: 0.69 MiB/s, 最高分辨率: 1920x1080, 平均帧率: 25.0, 视频编解码器: h264, 音频编解码器: mp2
分类: 广东, 名称: 东莞新闻综合, 有效: 1, IPv4: 5, IPv6: 0, 最小延迟: 298 ms, 最高速率: 0.46 MiB/s, 平均速率: 0.44 MiB/s, 最高分辨率: 1920x1080, 平均帧率: 25.0, 视频编解码器: h264, 音频编解码器: mp2
分类: 广东, 名称: 东莞生活资讯, 有效: 0, IPv4: 4, IPv6: 0, 最小延迟: 764 ms, 最高速率: 0.32 MiB/s, 平均速率: 0.00 MiB/s, 最高分辨率: —, 平均帧率: 25.0, 视频编解码器: h264, 音频编解码器: mp2
分类: 广东, 名称: 揭阳综合, 有效: 0, IPv4: 2, IPv6: 0, 最小延迟: 768 ms, 最高速率: 0.29 MiB/s, 平均速率: 0.00 MiB/s, 最高分辨率: 1920x1080, 平均帧率: 25.0, 视频编解码器: h264, 音频编解码器: mp2
分类: 广东, 名称: 潮州综合, 有效: 0, IPv4: 4, IPv6: 0, 最小延迟: 250 ms, 最高速率: 0.09 MiB/s, 平均速率: 0.00 MiB/s, 最高分辨率: —, 平均帧率: 未知, 视频编解码器: 未知, 音频编解码器: 未知
分类: 广东, 名称: 潮州民生, 有效: 0, IPv4: 3, IPv6: 0, 最小延迟: 266 ms, 最高速率: 0.00 MiB/s, 平均速率: 0.00 MiB/s, 最高分辨率: —, 平均帧率: 未知, 视频编解码器: 未知, 音频编解码器: 未知
分类: 广东, 名称: 梅州综合, 有效: 0, IPv4: 1, IPv6: 0, 最小延迟: — ms, 最高速率: 0.00 MiB/s, 平均速率: 0.00 MiB/s, 最高分辨率: —, 平均帧率: 未知, 视频编解码器: 未知, 音频编解码器: 未知
分类: 广东, 名称: 韶关新闻综合, 有效: 0, IPv4: 1, IPv6: 0, 最小延迟: — ms, 最高速率: 0.00 MiB/s, 平均速率: 0.00 MiB/s, 最高分辨率: —, 平均帧率: 未知, 视频编解码器: 未知, 音频编解码器: 未知
分类: 广东, 名称: 五华综合, 有效: 0, IPv4: 1, IPv6: 0, 最小延迟: — ms, 最高速率: 0.00 MiB/s, 平均速率: 0.00 MiB/s, 最高分辨率: —, 平均帧率: 未知, 视频编解码器: 未知, 音频编解码器: 未知
分类: 广东, 名称: 茂名文化生活, 有效: 0, IPv4: 1, IPv6: 0, 最小延迟: — ms, 最高速率: 0.00 MiB/s, 平均速率: 0.00 MiB/s, 最高分辨率: —, 平均帧率: 未知, 视频编解码器: 未知, 音频编解码器: 未知
分类: 广东, 名称: 番禺综合, 有效: 0, IPv4: 1, IPv6: 0, 最小延迟: — ms, 最高速率: 0.00 MiB/s, 平均速率: 0.00 MiB/s, 最高分辨率: —, 平均帧率: 未知, 视频编解码器: 未知, 音频编解码器: 未知
分类: 广东, 名称: 梅州客家生活, 有效: 0, IPv4: 1, IPv6: 0, 最小延迟: — ms, 最高速率: 0.00 MiB/s, 平均速率: 0.00 MiB/s, 最高分辨率: —, 平均帧率: 未知, 视频编解码器: 未知, 音频编解码器: 未知
分类: 广东, 名称: 怀集综合, 有效: 0, IPv4: 1, IPv6: 0, 最小延迟: — ms, 最高速率: 0.00 MiB/s, 平均速率: 0.00 MiB/s, 最高分辨率: —, 平均帧率: 未知, 视频编解码器: 未知, 音频编解码器: 未知
分类: 浙江, 名称: 浙江钱江都市, 有效: 1, IPv4: 2, IPv6: 0, 最小延迟: 207 ms, 最高速率: 0.58 MiB/s, 平均速率: 0.58 MiB/s, 最高分辨率: 1920x1080, 平均帧率: 25.0, 视频编解码器: h264, 音频编解码器: aac
分类: 浙江, 名称: 浙江经济生活, 有效: 2, IPv4: 7, IPv6: 0, 最小延迟: 197 ms, 最高速率: 0.53 MiB/s, 平均速率: 0.43 MiB/s, 最高分辨率: 1920x1080, 平均帧率: 25.0, 视频编解码器: h264, 音频编解码器: aac
分类: 浙江, 名称: 浙江教科影视, 有效: 0, IPv4: 6, IPv6: 0, 最小延迟: 239 ms, 最高速率: 0.45 MiB/s, 平均速率: 0.00 MiB/s, 最高分辨率: 1920x1080, 平均帧率: 25.0, 视频编解码器: h264, 音频编解码器: aac
分类: 浙江, 名称: 浙江民生休闲, 有效: 2, IPv4: 5, IPv6: 0, 最小延迟: 269 ms, 最高速率: 0.52 MiB/s, 平均速率: 0.43 MiB/s, 最高分辨率: 1920x1080, 平均帧率: 25.0, 视频编解码器: h264, 音频编解码器: aac
分类: 浙江, 名称: 浙江新闻, 有效: 5, IPv4: 8, IPv6: 0, 最小延迟: 210 ms, 最高速率: 1.68 MiB/s, 平均速率: 0.83 MiB/s, 最高分辨率: 1920x1080, 平均帧率: 25.0, 视频编解码器: h264, 音频编解码器: aac
分类: 浙江, 名称: 浙江少儿, 有效: 2, IPv4: 4, IPv6: 0, 最小延迟: 292 ms, 最高速率: 1.16 MiB/s, 平均速率: 0.92 MiB/s, 最高分辨率: 1920x1080, 平均帧率: 25.0, 视频编解码器: h264, 音频编解码器: aac
分类: 浙江, 名称: 浙江好易购, 有效: 0, IPv4: 2, IPv6: 0, 最小延迟: 294 ms, 最高速率: 0.39 MiB/s, 平均速率: 0.00 MiB/s, 最高分辨率: 1920x1080, 平均帧率: 25.0, 视频编解码器: h264, 音频编解码器: aac
分类: 浙江, 名称: 浙江国际, 有效: 2, IPv4: 9, IPv6: 0, 最小延迟: 283 ms, 最高速率: 1.36 MiB/s, 平均速率: 0.84 MiB/s, 最高分辨率: 1920x1080, 平均帧率: 25.0, 视频编解码器: h264, 音频编解码器: aac
分类: 浙江, 名称: 浙江之江纪录, 有效: 1, IPv4: 3, IPv6: 0, 最小延迟: 305 ms, 最高速率: 1.51 MiB/s, 平均速率: 1.51 MiB/s, 最高分辨率: 1920x1080, 平均帧率: 25.0, 视频编解码器: h264, 音频编解码器: aac
分类: 浙江, 名称: 宁波新闻综合, 有效: 0, IPv4: 3, IPv6: 0, 最小延迟: — ms, 最高速率: 0.00 MiB/s, 平均速率: 0.00 MiB/s, 最高分辨率: —, 平均帧率: 未知, 视频编解码器: 未知, 音频编解码器: 未知
分类: 浙江, 名称: 宁波经济生活, 有效: 0, IPv4: 2, IPv6: 0, 最小延迟: — ms, 最高速率: 0.00 MiB/s, 平均速率: 0.00 MiB/s, 最高分辨率: —, 平均帧率: 未知, 视频编解码器: 未知, 音频编解码器: 未知
分类: 浙江, 名称: 宁波都市文体, 有效: 0, IPv4: 2, IPv6: 0, 最小延迟: — ms, 最高速率: 0.00 MiB/s, 平均速率: 0.00 MiB/s, 最高分辨率: —, 平均帧率: 未知, 视频编解码器: 未知, 音频编解码器: 未知
分类: 浙江, 名称: 宁波影视剧, 有效: 0, IPv4: 2, IPv6: 0, 最小延迟: — ms, 最高速率: 0.00 MiB/s, 平均速率: 0.00 MiB/s, 最高分辨率: —, 平均帧率: 未知, 视频编解码器: 未知, 音频编解码器: 未知
分类: 浙江, 名称: 舟山新闻综合, 有效: 0, IPv4: 1, IPv6: 0, 最小延迟: 495 ms, 最高速率: 0.17 MiB/s, 平均速率: 0.00 MiB/s, 最高分辨率: —, 平均帧率: 未知, 视频编解码器: 未知, 音频编解码器: 未知
分类: 浙江, 名称: 杭州综合, 有效: 0, IPv4: 3, IPv6: 0, 最小延迟: 1269 ms, 最高速率: 0.06 MiB/s, 平均速率: 0.00 MiB/s, 最高分辨率: —, 平均帧率: 未知, 视频编解码器: 未知, 音频编解码器: 未知
分类: 浙江, 名称: 杭州西湖明珠, 有效: 0, IPv4: 2, IPv6: 0, 最小延迟: — ms, 最高速率: 0.00 MiB/s, 平均速率: 0.00 MiB/s, 最高分辨率: —, 平均帧率: 未知, 视频编解码器: 未知, 音频编解码器: 未知
分类: 浙江, 名称: 杭州生活, 有效: 0, IPv4: 2, IPv6: 0, 最小延迟: — ms, 最高速率: 0.00 MiB/s, 平均速率: 0.00 MiB/s, 最高分辨率: —, 平均帧率: 未知, 视频编解码器: 未知, 音频编解码器: 未知
分类: 浙江, 名称: 丽水新闻综合, 有效: 0, IPv4: 1, IPv6: 0, 最小延迟: 1309 ms, 最高速率: 0.06 MiB/s, 平均速率: 0.00 MiB/s, 最高分辨率: —, 平均帧率: 未知, 视频编解码器: 未知, 音频编解码器: 未知
分类: 浙江, 名称: 台州新闻综合, 有效: 0, IPv4: 1, IPv6: 0, 最小延迟: 1002 ms, 最高速率: 0.05 MiB/s, 平均速率: 0.00 MiB/s, 最高分辨率: —, 平均帧率: 未知, 视频编解码器: 未知, 音频编解码器: 未知
分类: 浙江, 名称: 杭州影视, 有效: 0, IPv4: 2, IPv6: 0, 最小延迟: — ms, 最高速率: 0.00 MiB/s, 平均速率: 0.00 MiB/s, 最高分辨率: —, 平均帧率: 未知, 视频编解码器: 未知, 音频编解码器: 未知
分类: 浙江, 名称: 求索纪录, 有效: 0, IPv4: 2, IPv6: 0, 最小延迟: — ms, 最高速率: 0.00 MiB/s, 平均速率: 0.00 MiB/s, 最高分辨率: —, 平均帧率: 未知, 视频编解码器: 未知, 音频编解码器: 未知
分类: 浙江, 名称: 求索动物, 有效: 0, IPv4: 2, IPv6: 0, 最小延迟: — ms, 最高速率: 0.00 MiB/s, 平均速率: 0.00 MiB/s, 最高分辨率: —, 平均帧率: 未知, 视频编解码器: 未知, 音频编解码器: 未知
分类: 浙江, 名称: 求索科学, 有效: 0, IPv4: 2, IPv6: 0, 最小延迟: — ms, 最高速率: 0.00 MiB/s, 平均速率: 0.00 MiB/s, 最高分辨率: —, 平均帧率: 未知, 视频编解码器: 未知, 音频编解码器: 未知
分类: 浙江, 名称: 湖州文化娱乐, 有效: 1, IPv4: 1, IPv6: 0, 最小延迟: 273 ms, 最高速率: 0.27 MiB/s, 平均速率: 0.27 MiB/s, 最高分辨率: 1280x720, 平均帧率: 29.97, 视频编解码器: h264, 音频编解码器: aac
分类: 浙江, 名称: 绍兴新闻综合, 有效: 0, IPv4: 4, IPv6: 0, 最小延迟: 490 ms, 最高速率: 0.27 MiB/s, 平均速率: 0.00 MiB/s, 最高分辨率: 1920x1080, 平均帧率: 25.0, 视频编解码器: h264, 音频编解码器: aac
分类: 浙江, 名称: 湖州新闻综合, 有效: 1, IPv4: 2, IPv6: 0, 最小延迟: 293 ms, 最高速率: 0.48 MiB/s, 平均速率: 0.48 MiB/s, 最高分辨率: 1920x1080, 平均帧率: 27.49, 视频编解码器: h264, 音频编解码器: aac
分类: 浙江, 名称: 湖州公共, 有效: 1, IPv4: 1, IPv6: 0, 最小延迟: 718 ms, 最高速率: 0.42 MiB/s, 平均速率: 0.42 MiB/s, 最高分辨率: 1280x720, 平均帧率: 25.0, 视频编解码器: h264, 音频编解码器: aac
分类: 浙江, 名称: 绍兴公共, 有效: 0, IPv4: 3, IPv6: 0, 最小延迟: 768 ms, 最高速率: 0.17 MiB/s, 平均速率: 0.00 MiB/s, 最高分辨率: —, 平均帧率: 未知, 视频编解码器: 未知, 音频编解码器: 未知
分类: 浙江, 名称: 嘉兴新闻综合, 有效: 0, IPv4: 2, IPv6: 0, 最小延迟: 870 ms, 最高速率: 0.08 MiB/s, 平均速率: 0.00 MiB/s, 最高分辨率: —, 平均帧率: 未知, 视频编解码器: 未知, 音频编解码器: 未知
分类: 浙江, 名称: 衢州新闻综合, 有效: 0, IPv4: 1, IPv6: 0, 最小延迟: 818 ms, 最高速率: 0.20 MiB/s, 平均速率: 0.00 MiB/s, 最高分辨率: —, 平均帧率: 未知, 视频编解码器: 未知, 音频编解码器: 未知
分类: 浙江, 名称: 温州新闻综合, 有效: 0, IPv4: 2, IPv6: 0, 最小延迟: 691 ms, 最高速率: 0.08 MiB/s, 平均速率: 0.00 MiB/s, 最高分辨率: —, 平均帧率: 未知, 视频编解码器: 未知, 音频编解码器: 未知
分类: 浙江, 名称: 绍兴文化影视, 有效: 0, IPv4: 1, IPv6: 0, 最小延迟: 500 ms, 最高速率: 0.19 MiB/s, 平均速率: 0.00 MiB/s, 最高分辨率: —, 平均帧率: 未知, 视频编解码器: 未知, 音频编解码器: 未知
分类: 浙江, 名称: 萧山综合, 有效: 0, IPv4: 3, IPv6: 0, 最小延迟: 1076 ms, 最高速率: 0.05 MiB/s, 平均速率: 0.00 MiB/s, 最高分辨率: —, 平均帧率: 未知, 视频编解码器: 未知, 音频编解码器: 未知
分类: 浙江, 名称: 临安综合, 有效: 0, IPv4: 1, IPv6: 0, 最小延迟: 456 ms, 最高速率: 0.23 MiB/s, 平均速率: 0.00 MiB/s, 最高分辨率: 800x480, 平均帧率: 25.0, 视频编解码器: h264, 音频编解码器: aac
分类: 浙江, 名称: 萧山生活, 有效: 1, IPv4: 4, IPv6: 0, 最小延迟: 457 ms, 最高速率: 0.43 MiB/s, 平均速率: 0.43 MiB/s, 最高分辨率: 1280x720, 平均帧率: 25.0, 视频编解码器: h264, 音频编解码器: aac
分类: 浙江, 名称: 东阳影视生活, 有效: 1, IPv4: 2, IPv6: 0, 最小延迟: 442 ms, 最高速率: 0.79 MiB/s, 平均速率: 0.79 MiB/s, 最高分辨率: 1280x720, 平均帧率: 25.0, 视频编解码器: h264, 音频编解码器: aac
分类: 浙江, 名称: 衢江综合, 有效: 0, IPv4: 1, IPv6: 0, 最小延迟: — ms, 最高速率: 0.00 MiB/s, 平均速率: 0.00 MiB/s, 最高分辨率: —, 平均帧率: 未知, 视频编解码器: 未知, 音频编解码器: 未知
分类: 浙江, 名称: 兰溪综合, 有效: 0, IPv4: 2, IPv6: 0, 最小延迟: — ms, 最高速率: 0.00 MiB/s, 平均速率: 0.00 MiB/s, 最高分辨率: —, 平均帧率: 未知, 视频编解码器: 未知, 音频编解码器: 未知
分类: 浙江, 名称: 嵊州新闻综合, 有效: 0, IPv4: 3, IPv6: 0, 最小延迟: — ms, 最高速率: 0.00 MiB/s, 平均速率: 0.00 MiB/s, 最高分辨率: —, 平均帧率: 未知, 视频编解码器: 未知, 音频编解码器: 未知
分类: 浙江, 名称: 上虞新闻综合, 有效: 1, IPv4: 2, IPv6: 0, 最小延迟: 668 ms, 最高速率: 3.80 MiB/s, 平均速率: 3.80 MiB/s, 最高分辨率: 1920x1080, 平均帧率: 25.0, 视频编解码器: h264, 音频编解码器: aac
分类: 浙江, 名称: 平湖综合, 有效: 1, IPv4: 2, IPv6: 0, 最小延迟: 363 ms, 最高速率: 0.75 MiB/s, 平均速率: 0.75 MiB/s, 最高分辨率: 1280x720, 平均帧率: 25.0, 视频编解码器: h264, 音频编解码器: aac
分类: 浙江, 名称: 上虞新商都, 有效: 1, IPv4: 3, IPv6: 0, 最小延迟: 312 ms, 最高速率: 1.98 MiB/s, 平均速率: 1.98 MiB/s, 最高分辨率: 1920x1080, 平均帧率: 25.0, 视频编解码器: h264, 音频编解码器: aac
分类: 浙江, 名称: 诸暨综合, 有效: 0, IPv4: 1, IPv6: 0, 最小延迟: — ms, 最高速率: 0.00 MiB/s, 平均速率: 0.00 MiB/s, 最高分辨率: —, 平均帧率: 未知, 视频编解码器: 未知, 音频编解码器: 未知
分类: 浙江, 名称: 新昌综合, 有效: 0, IPv4: 1, IPv6: 0, 最小延迟: — ms, 最高速率: 0.00 MiB/s, 平均速率: 0.00 MiB/s, 最高分辨率: —, 平均帧率: 未知, 视频编解码器: 未知, 音频编解码器: 未知
分类: 浙江, 名称: 新昌生活, 有效: 0, IPv4: 1, IPv6: 0, 最小延迟: — ms, 最高速率: 0.00 MiB/s, 平均速率: 0.00 MiB/s, 最高分辨率: —, 平均帧率: 未知, 视频编解码器: 未知, 音频编解码器: 未知
分类: 浙江, 名称: 洞头综合, 有效: 0, IPv4: 3, IPv6: 0, 最小延迟: — ms, 最高速率: 0.00 MiB/s, 平均速率: 0.00 MiB/s, 最高分辨率: —, 平均帧率: 未知, 视频编解码器: 未知, 音频编解码器: 未知
分类: 浙江, 名称: 龙游生活娱乐, 有效: 2, IPv4: 3, IPv6: 0, 最小延迟: 314 ms, 最高速率: 5.35 MiB/s, 平均速率: 3.32 MiB/s, 最高分辨率: 1280x720, 平均帧率: 25.0, 视频编解码器: h264, 音频编解码器: aac
分类: 浙江, 名称: 余杭综合, 有效: 1, IPv4: 2, IPv6: 0, 最小延迟: 207 ms, 最高速率: 1.19 MiB/s, 平均速率: 1.19 MiB/s, 最高分辨率: 1920x1080, 平均帧率: 25.0, 视频编解码器: h264, 音频编解码器: aac
分类: 浙江, 名称: 余杭未来, 有效: 0, IPv4: 2, IPv6: 0, 最小延迟: — ms, 最高速率: 0.00 MiB/s, 平均速率: 0.00 MiB/s, 最高分辨率: —, 平均帧率: 未知, 视频编解码器: 未知, 音频编解码器: 未知
分类: 浙江, 名称: 嵊泗综合, 有效: 0, IPv4: 1, IPv6: 0, 最小延迟: — ms, 最高速率: 0.00 MiB/s, 平均速率: 0.00 MiB/s, 最高分辨率: —, 平均帧率: 未知, 视频编解码器: 未知, 音频编解码器: 未知
分类: 浙江, 名称: 岱山综合, 有效: 0, IPv4: 1, IPv6: 0, 最小延迟: — ms, 最高速率: 0.00 MiB/s, 平均速率: 0.00 MiB/s, 最高分辨率: —, 平均帧率: 未知, 视频编解码器: 未知, 音频编解码器: 未知
分类: 浙江, 名称: 缙云综合, 有效: 2, IPv4: 3, IPv6: 0, 最小延迟: 504 ms, 最高速率: 1.00 MiB/s, 平均速率: 0.79 MiB/s, 最高分辨率: 1280x720, 平均帧率: 25.0, 视频编解码器: h264, 音频编解码器: aac
分类: 浙江, 名称: 遂昌综合, 有效: 3, IPv4: 3, IPv6: 0, 最小延迟: 293 ms, 最高速率: 2.34 MiB/s, 平均速率: 1.28 MiB/s, 最高分辨率: 1920x1080, 平均帧率: 25.0, 视频编解码器: h264, 音频编解码器: aac
分类: 浙江, 名称: 青田综合, 有效: 1, IPv4: 1, IPv6: 0, 最小延迟: 183 ms, 最高速率: 9.11 MiB/s, 平均速率: 9.11 MiB/s, 最高分辨率: 1920x1080, 平均帧率: 25.0, 视频编解码器: h264, 音频编解码器: aac
分类: 浙江, 名称: 云和综合, 有效: 1, IPv4: 1, IPv6: 0, 最小延迟: 358 ms, 最高速率: 5.11 MiB/s, 平均速率: 5.11 MiB/s, 最高分辨率: 1280x720, 平均帧率: 25.0, 视频编解码器: h264, 音频编解码器: aac
分类: 浙江, 名称: 龙泉综合, 有效: 2, IPv4: 2, IPv6: 0, 最小延迟: 351 ms, 最高速率: 1.22 MiB/s, 平均速率: 1.03 MiB/s, 最高分辨率: 1920x1080, 平均帧率: 25.0, 视频编解码器: h264, 音频编解码器: aac
分类: 浙江, 名称: 庆元综合, 有效: 0, IPv4: 3, IPv6: 0, 最小延迟: 931 ms, 最高速率: 0.18 MiB/s, 平均速率: 0.00 MiB/s, 最高分辨率: —, 平均帧率: 未知, 视频编解码器: 未知, 音频编解码器: 未知
分类: 浙江, 名称: 松阳综合, 有效: 2, IPv4: 2, IPv6: 0, 最小延迟: 551 ms, 最高速率: 2.81 MiB/s, 平均速率: 2.04 MiB/s, 最高分辨率: 1920x1080, 平均帧率: 25.0, 视频编解码器: h264, 音频编解码器: aac
分类: 浙江, 名称: 象山新闻综合, 有效: 1, IPv4: 3, IPv6: 0, 最小延迟: 47 ms, 最高速率: 9.50 MiB/s, 平均速率: 9.50 MiB/s, 最高分辨率: 1920x1080, 平均帧率: 25.0, 视频编解码器: h264, 音频编解码器: aac
分类: 浙江, 名称: 余姚姚江文化, 有效: 0, IPv4: 4, IPv6: 0, 最小延迟: 453 ms, 最高速率: 0.54 MiB/s, 平均速率: 0.00 MiB/s, 最高分辨率: 720x576, 平均帧率: 25.0, 视频编解码器: h264, 音频编解码器: aac
分类: 浙江, 名称: 余姚新闻综合, 有效: 0, IPv4: 2, IPv6: 0, 最小延迟: 1608 ms, 最高速率: 0.03 MiB/s, 平均速率: 0.00 MiB/s, 最高分辨率: —, 平均帧率: 未知, 视频编解码器: 未知, 音频编解码器: 未知
分类: 浙江, 名称: 普陀综合, 有效: 1, IPv4: 3, IPv6: 0, 最小延迟: 542 ms, 最高速率: 0.67 MiB/s, 平均速率: 0.67 MiB/s, 最高分辨率: 1920x1080, 平均帧率: 25.0, 视频编解码器: h264, 音频编解码器: aac
分类: 浙江, 名称: 文成综合, 有效: 0, IPv4: 3, IPv6: 0, 最小延迟: 1251 ms, 最高速率: 0.13 MiB/s, 平均速率: 0.00 MiB/s, 最高分辨率: —, 平均帧率: 未知, 视频编解码器: 未知, 音频编解码器: 未知
分类: 浙江, 名称: 临平新闻, 有效: 1, IPv4: 1, IPv6: 0, 最小延迟: 404 ms, 最高速率: 0.28 MiB/s, 平均速率: 0.28 MiB/s, 最高分辨率: 1280x720, 平均帧率: 25.0, 视频编解码器: h264, 音频编解码器: aac
分类: 北京, 名称: BRTV纪实科教, 有效: 0, IPv4: 8, IPv6: 0, 最小延迟: 39 ms, 最高速率: 7.84 MiB/s, 平均速率: 0.00 MiB/s, 最高分辨率: 720x576, 平均帧率: 25.0, 视频编解码器: h264, 音频编解码器: aac
分类: 北京, 名称: BRTV文艺, 有效: 1, IPv4: 2, IPv6: 0, 最小延迟: 271 ms, 最高速率: 0.70 MiB/s, 平均速率: 0.70 MiB/s, 最高分辨率: 1920x1080, 平均帧率: 25.0, 视频编解码器: h264, 音频编解码器: aac
分类: 北京, 名称: BRTV影视, 有效: 0, IPv4: 2, IPv6: 0, 最小延迟: — ms, 最高速率: 0.00 MiB/s, 平均速率: 0.00 MiB/s, 最高分辨率: —, 平均帧率: 未知, 视频编解码器: 未知, 音频编解码器: 未知
分类: 北京, 名称: BRTV新闻, 有效: 1, IPv4: 3, IPv6: 0, 最小延迟: 29 ms, 最高速率: 1.54 MiB/s, 平均速率: 1.54 MiB/s, 最高分辨率: —, 平均帧率: 未知, 视频编解码器: 未知, 音频编解码器: aac
分类: 北京, 名称: BRTV卡酷少儿, 有效: 0, IPv4: 10, IPv6: 0, 最小延迟: 348 ms, 最高速率: 0.42 MiB/s, 平均速率: 0.00 MiB/s, 最高分辨率: 1920x1080, 平均帧率: 25.0, 视频编解码器: h264, 音频编解码器: mp2
分类: 北京, 名称: 北京淘剧场, 有效: 0, IPv4: 2, IPv6: 0, 最小延迟: 368 ms, 最高速率: 0.00 MiB/s, 平均速率: 0.00 MiB/s, 最高分辨率: —, 平均帧率: 未知, 视频编解码器: 未知, 音频编解码器: 未知
分类: 北京, 名称: BRTV财经, 有效: 0, IPv4: 1, IPv6: 0, 最小延迟: — ms, 最高速率: 0.00 MiB/s, 平均速率: 0.00 MiB/s, 最高分辨率: —, 平均帧率: 未知, 视频编解码器: 未知, 音频编解码器: 未知
分类: 北京, 名称: 北京淘娱乐, 有效: 0, IPv4: 2, IPv6: 0, 最小延迟: 380 ms, 最高速率: 0.00 MiB/s, 平均速率: 0.00 MiB/s, 最高分辨率: —, 平均帧率: 未知, 视频编解码器: 未知, 音频编解码器: 未知
分类: 北京, 名称: 北京淘Baby, 有效: 0, IPv4: 1, IPv6: 0, 最小延迟: 496 ms, 最高速率: 0.01 MiB/s, 平均速率: 0.00 MiB/s, 最高分辨率: —, 平均帧率: 未知, 视频编解码器: 未知, 音频编解码器: 未知
分类: 北京, 名称: 优优宝贝, 有效: 0, IPv4: 1, IPv6: 0, 最小延迟: — ms, 最高速率: 0.00 MiB/s, 平均速率: 0.00 MiB/s, 最高分辨率: —, 平均帧率: 未知, 视频编解码器: 未知, 音频编解码器: 未知
分类: 北京, 名称: 中华特产, 有效: 0, IPv4: 7, IPv6: 0, 最小延迟: — ms, 最高速率: 0.00 MiB/s, 平均速率: 0.00 MiB/s, 最高分辨率: —, 平均帧率: 未知, 视频编解码器: 未知, 音频编解码器: 未知
分类: 北京, 名称: 四海钓鱼, 有效: 0, IPv4: 21, IPv6: 0, 最小延迟: 177 ms, 最高速率: 0.00 MiB/s, 平均速率: 0.00 MiB/s, 最高分辨率: —, 平均帧率: 未知, 视频编解码器: 未知, 音频编解码器: 未知
分类: 北京, 名称: 环球旅游, 有效: 0, IPv4: 7, IPv6: 0, 最小延迟: — ms, 最高速率: 0.00 MiB/s, 平均速率: 0.00 MiB/s, 最高分辨率: —, 平均帧率: 未知, 视频编解码器: 未知, 音频编解码器: 未知
分类: 北京, 名称: 生态环境, 有效: 0, IPv4: 1, IPv6: 0, 最小延迟: — ms, 最高速率: 0.00 MiB/s, 平均速率: 0.00 MiB/s, 最高分辨率: —, 平均帧率: 未知, 视频编解码器: 未知, 音频编解码器: 未知
分类: 北京, 名称: 戏曲, 有效: 0, IPv4: 5, IPv6: 0, 最小延迟: — ms, 最高速率: 0.00 MiB/s, 平均速率: 0.00 MiB/s, 最高分辨率: —, 平均帧率: 未知, 视频编解码器: 未知, 音频编解码器: 未知
分类: 北京, 名称: 房山综合, 有效: 0, IPv4: 3, IPv6: 0, 最小延迟: — ms, 最高速率: 0.00 MiB/s, 平均速率: 0.00 MiB/s, 最高分辨率: —, 平均帧率: 未知, 视频编解码器: 未知, 音频编解码器: 未知
分类: 北京, 名称: 顺义综合, 有效: 0, IPv4: 2, IPv6: 0, 最小延迟: — ms, 最高速率: 0.00 MiB/s, 平均速率: 0.00 MiB/s, 最高分辨率: —, 平均帧率: 未知, 视频编解码器: 未知, 音频编解码器: 未知
分类: 上海, 名称: 上海新闻综合, 有效: 0, IPv4: 1, IPv6: 0, 最小延迟: 177 ms, 最高速率: 0.00 MiB/s, 平均速率: 0.00 MiB/s, 最高分辨率: —, 平均帧率: 未知, 视频编解码器: 未知, 音频编解码器: 未知
分类: 上海, 名称: 东方影视, 有效: 0, IPv4: 9, IPv6: 0, 最小延迟: 177 ms, 最高速率: 0.00 MiB/s, 平均速率: 0.00 MiB/s, 最高分辨率: —, 平均帧率: 未知, 视频编解码器: 未知, 音频编解码器: 未知
分类: 上海, 名称: 第一财经, 有效: 2, IPv4: 6, IPv6: 0, 最小延迟: 25 ms, 最高速率: 1.70 MiB/s, 平均速率: 1.59 MiB/s, 最高分辨率: —, 平均帧率: 未知, 视频编解码器: 未知, 音频编解码器: aac
分类: 上海, 名称: 五星体育, 有效: 0, IPv4: 8, IPv6: 0, 最小延迟: 599 ms, 最高速率: 0.00 MiB/s, 平均速率: 0.00 MiB/s, 最高分辨率: —, 平均帧率: 未知, 视频编解码器: 未知, 音频编解码器: 未知
分类: 上海, 名称: 上海都市, 有效: 0, IPv4: 2, IPv6: 0, 最小延迟: — ms, 最高速率: 0.00 MiB/s, 平均速率: 0.00 MiB/s, 最高分辨率: —, 平均帧率: 未知, 视频编解码器: 未知, 音频编解码器: 未知
分类: 上海, 名称: 东方购物, 有效: 1, IPv4: 1, IPv6: 0, 最小延迟: 28 ms, 最高速率: 3.33 MiB/s, 平均速率: 3.33 MiB/s, 最高分辨率: 1280x720, 平均帧率: 25.0, 视频编解码器: h264, 音频编解码器: aac
分类: 上海, 名称: 哈哈炫动, 有效: 0, IPv4: 7, IPv6: 0, 最小延迟: — ms, 最高速率: 0.00 MiB/s, 平均速率: 0.00 MiB/s, 最高分辨率: —, 平均帧率: 未知, 视频编解码器: 未知, 音频编解码器: 未知
分类: 上海, 名称: 上海教育, 有效: 1, IPv4: 2, IPv6: 0, 最小延迟: 402 ms, 最高速率: 0.51 MiB/s, 平均速率: 0.51 MiB/s, 最高分辨率: 1920x1080, 平均帧率: 25.0, 视频编解码器: h264, 音频编解码器: aac
分类: 上海, 名称: 东方财经, 有效: 0, IPv4: 1, IPv6: 0, 最小延迟: — ms, 最高速率: 0.00 MiB/s, 平均速率: 0.00 MiB/s, 最高分辨率: —, 平均帧率: 未知, 视频编解码器: 未知, 音频编解码器: 未知
分类: 上海, 名称: 动漫秀场, 有效: 0, IPv4: 5, IPv6: 0, 最小延迟: 315 ms, 最高速率: 0.38 MiB/s, 平均速率: 0.00 MiB/s, 最高分辨率: 1920x1080, 平均帧率: 25.0, 视频编解码器: h264, 音频编解码器: aac
分类: 上海, 名称: 游戏风云, 有效: 0, IPv4: 3, IPv6: 0, 最小延迟: 169 ms, 最高速率: 0.00 MiB/s, 平均速率: 0.00 MiB/s, 最高分辨率: —, 平均帧率: 未知, 视频编解码器: 未知, 音频编解码器: 未知
分类: 上海, 名称: 乐游, 有效: 0, IPv4: 5, IPv6: 0, 最小延迟: 167 ms, 最高速率: 0.00 MiB/s, 平均速率: 0.00 MiB/s, 最高分辨率: —, 平均帧率: 未知, 视频编解码器: 未知, 音频编解码器: 未知
分类: 上海, 名称: 法治天地, 有效: 0, IPv4: 6, IPv6: 0, 最小延迟: 169 ms, 最高速率: 0.00 MiB/s, 平均速率: 0.00 MiB/s, 最高分辨率: —, 平均帧率: 未知, 视频编解码器: 未知, 音频编解码器: 未知
分类: 上海, 名称: 劲爆体育, 有效: 0, IPv4: 3, IPv6: 0, 最小延迟: 169 ms, 最高速率: 0.00 MiB/s, 平均速率: 0.00 MiB/s, 最高分辨率: —, 平均帧率: 未知, 视频编解码器: 未知, 音频编解码器: 未知
分类: 上海, 名称: 都市剧场, 有效: 2, IPv4: 10, IPv6: 0, 最小延迟: 30 ms, 最高速率: 10.97 MiB/s, 平均速率: 6.20 MiB/s, 最高分辨率: 1920x1080, 平均帧率: 25.0, 视频编解码器: h264, 音频编解码器: aac
分类: 上海, 名称: 多彩文体, 有效: 1, IPv4: 8, IPv6: 0, 最小延迟: 39 ms, 最高速率: 4.00 MiB/s, 平均速率: 4.00 MiB/s, 最高分辨率: 1280x720, 平均帧率: 25.0, 视频编解码器: h264, 音频编解码器: aac
分类: 上海, 名称: 金色学堂, 有效: 0, IPv4: 3, IPv6: 0, 最小延迟: — ms, 最高速率: 0.00 MiB/s, 平均速率: 0.00 MiB/s, 最高分辨率: —, 平均帧率: 未知, 视频编解码器: 未知, 音频编解码器: 未知
分类: 上海, 名称: 生活时尚, 有效: 0, IPv4: 2, IPv6: 0, 最小延迟: — ms, 最高速率: 0.00 MiB/s, 平均速率: 0.00 MiB/s, 最高分辨率: —, 平均帧率: 未知, 视频编解码器: 未知, 音频编解码器: 未知
分类: 上海, 名称: 新视觉, 有效: 0, IPv4: 4, IPv6: 0, 最小延迟: 170 ms, 最高速率: 0.24 MiB/s, 平均速率: 0.00 MiB/s, 最高分辨率: 1920x1080, 平均帧率: 50.0, 视频编解码器: h264, 音频编解码器: mp2
分类: 上海, 名称: 点掌财经, 有效: 0, IPv4: 2, IPv6: 0, 最小延迟: — ms, 最高速率: 0.00 MiB/s, 平均速率: 0.00 MiB/s, 最高分辨率: —, 平均帧率: 未知, 视频编解码器: 未知, 音频编解码器: 未知
分类: 上海, 名称: 浦东综合, 有效: 1, IPv4: 1, IPv6: 0, 最小延迟: 452 ms, 最高速率: 0.69 MiB/s, 平均速率: 0.69 MiB/s, 最高分辨率: 1280x720, 平均帧率: 25.0, 视频编解码器: h264, 音频编解码器: aac
分类: 重庆, 名称: 重庆新闻, 有效: 0, IPv4: 2, IPv6: 0, 最小延迟: — ms, 最高速率: 0.00 MiB/s, 平均速率: 0.00 MiB/s, 最高分辨率: —, 平均帧率: 未知, 视频编解码器: 未知, 音频编解码器: 未知
分类: 重庆, 名称: 重庆影视剧, 有效: 0, IPv4: 2, IPv6: 0, 最小延迟: — ms, 最高速率: 0.00 MiB/s, 平均速率: 0.00 MiB/s, 最高分辨率: —, 平均帧率: 未知, 视频编解码器: 未知, 音频编解码器: 未知
分类: 重庆, 名称: 重庆红叶, 有效: 0, IPv4: 1, IPv6: 0, 最小延迟: — ms, 最高速率: 0.00 MiB/s, 平均速率: 0.00 MiB/s, 最高分辨率: —, 平均帧率: 未知, 视频编解码器: 未知, 音频编解码器: 未知
分类: 重庆, 名称: 重庆社会与法, 有效: 0, IPv4: 2, IPv6: 0, 最小延迟: — ms, 最高速率: 0.00 MiB/s, 平均速率: 0.00 MiB/s, 最高分辨率: —, 平均帧率: 未知, 视频编解码器: 未知, 音频编解码器: 未知
分类: 重庆, 名称: 重庆文体娱乐, 有效: 0, IPv4: 1, IPv6: 0, 最小延迟: — ms, 最高速率: 0.00 MiB/s, 平均速率: 0.00 MiB/s, 最高分辨率: —, 平均帧率: 未知, 视频编解码器: 未知, 音频编解码器: 未知
分类: 重庆, 名称: 重庆红岩文化, 有效: 0, IPv4: 1, IPv6: 0, 最小延迟: — ms, 最高速率: 0.00 MiB/s, 平均速率: 0.00 MiB/s, 最高分辨率: —, 平均帧率: 未知, 视频编解码器: 未知, 音频编解码器: 未知
分类: 重庆, 名称: 重庆少儿, 有效: 0, IPv4: 1, IPv6: 0, 最小延迟: — ms, 最高速率: 0.00 MiB/s, 平均速率: 0.00 MiB/s, 最高分辨率: —, 平均帧率: 未知, 视频编解码器: 未知, 音频编解码器: 未知
分类: 重庆, 名称: 重庆新农村, 有效: 1, IPv4: 2, IPv6: 0, 最小延迟: 39 ms, 最高速率: 3.76 MiB/s, 平均速率: 3.76 MiB/s, 最高分辨率: 1280x720, 平均帧率: 60.0, 视频编解码器: h264, 音频编解码器: aac
分类: 重庆, 名称: 涪陵综合, 有效: 0, IPv4: 1, IPv6: 0, 最小延迟: — ms, 最高速率: 0.00 MiB/s, 平均速率: 0.00 MiB/s, 最高分辨率: —, 平均帧率: 未知, 视频编解码器: 未知, 音频编解码器: 未知
分类: 重庆, 名称: 万州综合, 有效: 0, IPv4: 2, IPv6: 0, 最小延迟: — ms, 最高速率: 0.00 MiB/s, 平均速率: 0.00 MiB/s, 最高分辨率: —, 平均帧率: 未知, 视频编解码器: 未知, 音频编解码器: 未知
分类: 重庆, 名称: 铜梁综合, 有效: 0, IPv4: 3, IPv6: 0, 最小延迟: 576 ms, 最高速率: 0.12 MiB/s, 平均速率: 0.00 MiB/s, 最高分辨率: —, 平均帧率: 未知, 视频编解码器: 未知, 音频编解码器: 未知
分类: 重庆, 名称: 江津综合, 有效: 0, IPv4: 1, IPv6: 0, 最小延迟: 444 ms, 最高速率: 0.16 MiB/s, 平均速率: 0.00 MiB/s, 最高分辨率: —, 平均帧率: 未知, 视频编解码器: 未知, 音频编解码器: 未知
分类: 重庆, 名称: 潼南综合, 有效: 0, IPv4: 1, IPv6: 0, 最小延迟: 501 ms, 最高速率: 0.18 MiB/s, 平均速率: 0.00 MiB/s, 最高分辨率: —, 平均帧率: 未知, 视频编解码器: 未知, 音频编解码器: 未知
分类: 重庆, 名称: 荣昌综合, 有效: 0, IPv4: 1, IPv6: 0, 最小延迟: 471 ms, 最高速率: 0.21 MiB/s, 平均速率: 0.00 MiB/s, 最高分辨率: 720x404, 平均帧率: 25.0, 视频编解码器: h264, 音频编解码器: aac
分类: 重庆, 名称: 璧山综合, 有效: 0, IPv4: 1, IPv6: 0, 最小延迟: 466 ms, 最高速率: 0.15 MiB/s, 平均速率: 0.00 MiB/s, 最高分辨率: —, 平均帧率: 未知, 视频编解码器: 未知, 音频编解码器: 未知
分类: 重庆, 名称: 重庆汽摩, 有效: 0, IPv4: 1, IPv6: 0, 最小延迟: — ms, 最高速率: 0.00 MiB/s, 平均速率: 0.00 MiB/s, 最高分辨率: —, 平均帧率: 未知, 视频编解码器: 未知, 音频编解码器: 未知
分类: 江苏, 名称: 江苏城市, 有效: 0, IPv4: 11, IPv6: 0, 最小延迟: — ms, 最高速率: 0.00 MiB/s, 平均速率: 0.00 MiB/s, 最高分辨率: —, 平均帧率: 未知, 视频编解码器: 未知, 音频编解码器: 未知
分类: 江苏, 名称: 江苏综艺, 有效: 0, IPv4: 10, IPv6: 0, 最小延迟: — ms, 最高速率: 0.00 MiB/s, 平均速率: 0.00 MiB/s, 最高分辨率: —, 平均帧率: 未知, 视频编解码器: 未知, 音频编解码器: 未知
分类: 江苏, 名称: 江苏影视, 有效: 0, IPv4: 13, IPv6: 0, 最小延迟: — ms, 最高速率: 0.00 MiB/s, 平均速率: 0.00 MiB/s, 最高分辨率: —, 平均帧率: 未知, 视频编解码器: 未知, 音频编解码器: 未知
分类: 江苏, 名称: 江苏体育休闲, 有效: 0, IPv4: 3, IPv6: 0, 最小延迟: — ms, 最高速率: 0.00 MiB/s, 平均速率: 0.00 MiB/s, 最高分辨率: —, 平均帧率: 未知, 视频编解码器: 未知, 音频编解码器: 未知
分类: 江苏, 名称: 江苏新闻, 有效: 0, IPv4: 3, IPv6: 0, 最小延迟: — ms, 最高速率: 0.00 MiB/s, 平均速率: 0.00 MiB/s, 最高分辨率: —, 平均帧率: 未知, 视频编解码器: 未知, 音频编解码器: 未知
分类: 江苏, 名称: 优漫卡通, 有效: 0, IPv4: 5, IPv6: 0, 最小延迟: 177 ms, 最高速率: 0.00 MiB/s, 平均速率: 0.00 MiB/s, 最高分辨率: —, 平均帧率: 未知, 视频编解码器: 未知, 音频编解码器: 未知
分类: 江苏, 名称: 江苏教育, 有效: 0, IPv4: 13, IPv6: 0, 最小延迟: — ms, 最高速率: 0.00 MiB/s, 平均速率: 0.00 MiB/s, 最高分辨率: —, 平均帧率: 未知, 视频编解码器: 未知, 音频编解码器: 未知
分类: 江苏, 名称: 江苏国际, 有效: 0, IPv4: 11, IPv6: 0, 最小延迟: 142 ms, 最高速率: 1.26 MiB/s, 平均速率: 0.00 MiB/s, 最高分辨率: 720x480, 平均帧率: 25.0, 视频编解码器: h264, 音频编解码器: aac
分类: 江苏, 名称: 财富天下, 有效: 0, IPv4: 11, IPv6: 0, 最小延迟: — ms, 最高速率: 0.00 MiB/s, 平均速率: 0.00 MiB/s, 最高分辨率: —, 平均帧率: 未知, 视频编解码器: 未知, 音频编解码器: 未知
分类: 江苏, 名称: 江苏移动, 有效: 0, IPv4: 3, IPv6: 0, 最小延迟: — ms, 最高速率: 0.00 MiB/s, 平均速率: 0.00 MiB/s, 最高分辨率: —, 平均帧率: 未知, 视频编解码器: 未知, 音频编解码器: 未知
分类: 江苏, 名称: 南京十八生活, 有效: 0, IPv4: 3, IPv6: 0, 最小延迟: — ms, 最高速率: 0.00 MiB/s, 平均速率: 0.00 MiB/s, 最高分辨率: —, 平均帧率: 未知, 视频编解码器: 未知, 音频编解码器: 未知
分类: 江苏, 名称: 南京教科, 有效: 0, IPv4: 2, IPv6: 0, 最小延迟: — ms, 最高速率: 0.00 MiB/s, 平均速率: 0.00 MiB/s, 最高分辨率: —, 平均帧率: 未知, 视频编解码器: 未知, 音频编解码器: 未知
分类: 江苏, 名称: 苏州文化生活, 有效: 1, IPv4: 1, IPv6: 0, 最小延迟: 794 ms, 最高速率: 0.31 MiB/s, 平均速率: 0.31 MiB/s, 最高分辨率: 1280x720, 平均帧率: 25.0, 视频编解码器: h264, 音频编解码器: aac
分类: 江苏, 名称: 苏州新闻综合, 有效: 1, IPv4: 1, IPv6: 0, 最小延迟: 1346 ms, 最高速率: 0.53 MiB/s, 平均速率: 0.53 MiB/s, 最高分辨率: 1920x1080, 平均帧率: 25.0, 视频编解码器: h264, 音频编解码器: aac
分类: 江苏, 名称: 宿迁公共, 有效: 0, IPv4: 1, IPv6: 0, 最小延迟: — ms, 最高速率: 0.00 MiB/s, 平均速率: 0.00 MiB/s, 最高分辨率: —, 平均帧率: 未知, 视频编解码器: 未知, 音频编解码器: 未知
分类: 江苏, 名称: 苏州社会经济, 有效: 1, IPv4: 1, IPv6: 0, 最小延迟: 496 ms, 最高速率: 1.92 MiB/s, 平均速率: 1.92 MiB/s, 最高分辨率: 1920x1080, 平均帧率: 25.0, 视频编解码器: h264, 音频编解码器: aac
分类: 江苏, 名称: 连云港新闻综合, 有效: 0, IPv4: 10, IPv6: 0, 最小延迟: 834 ms, 最高速率: 0.14 MiB/s, 平均速率: 0.00 MiB/s, 最高分辨率: —, 平均帧率: 未知, 视频编解码器: 未知, 音频编解码器: 未知
分类: 江苏, 名称: 苏州电影娱乐信息, 有效: 1, IPv4: 1, IPv6: 0, 最小延迟: 780 ms, 最高速率: 0.40 MiB/s, 平均速率: 0.40 MiB/s, 最高分辨率: 1280x720, 平均帧率: 25.0, 视频编解码器: h264, 音频编解码器: aac
分类: 江苏, 名称: 常州生活, 有效: 0, IPv4: 1, IPv6: 0, 最小延迟: — ms, 最高速率: 0.00 MiB/s, 平均速率: 0.00 MiB/s, 最高分辨率: —, 平均帧率: 未知, 视频编解码器: 未知, 音频编解码器: 未知
分类: 江苏, 名称: 常州都市, 有效: 0, IPv4: 1, IPv6: 0, 最小延迟: — ms, 最高速率: 0.00 MiB/s, 平均速率: 0.00 MiB/s, 最高分辨率: —, 平均帧率: 未知, 视频编解码器: 未知, 音频编解码器: 未知
分类: 江苏, 名称: 苏州生活资讯, 有效: 1, IPv4: 1, IPv6: 0, 最小延迟: 422 ms, 最高速率: 0.67 MiB/s, 平均速率: 0.67 MiB/s, 最高分辨率: 1280x720, 平均帧率: 25.0, 视频编解码器: h264, 音频编解码器: aac
分类: 江苏, 名称: 镇江新闻综合, 有效: 0, IPv4: 10, IPv6: 0, 最小延迟: 626 ms, 最高速率: 0.01 MiB/s, 平均速率: 0.00 MiB/s, 最高分辨率: —, 平均帧率: 未知, 视频编解码器: 未知, 音频编解码器: 未知
分类: 江苏, 名称: 淮安综合, 有效: 0, IPv4: 1, IPv6: 0, 最小延迟: — ms, 最高速率: 0.00 MiB/s, 平均速率: 0.00 MiB/s, 最高分辨率: —, 平均帧率: 未知, 视频编解码器: 未知, 音频编解码器: 未知
分类: 江苏, 名称: 淮安公共, 有效: 0, IPv4: 1, IPv6: 0, 最小延迟: — ms, 最高速率: 0.00 MiB/s, 平均速率: 0.00 MiB/s, 最高分辨率: —, 平均帧率: 未知, 视频编解码器: 未知, 音频编解码器: 未知
分类: 江苏, 名称: 徐州新闻综合, 有效: 0, IPv4: 9, IPv6: 0, 最小延迟: — ms, 最高速率: 0.00 MiB/s, 平均速率: 0.00 MiB/s, 最高分辨率: —, 平均帧率: 未知, 视频编解码器: 未知, 音频编解码器: 未知
分类: 江苏, 名称: 淮安影视娱乐, 有效: 0, IPv4: 1, IPv6: 0, 最小延迟: — ms, 最高速率: 0.00 MiB/s, 平均速率: 0.00 MiB/s, 最高分辨率: —, 平均帧率: 未知, 视频编解码器: 未知, 音频编解码器: 未知
分类: 江苏, 名称: 盐城新闻综合, 有效: 0, IPv4: 7, IPv6: 0, 最小延迟: — ms, 最高速率: 0.00 MiB/s, 平均速率: 0.00 MiB/s, 最高分辨率: —, 平均帧率: 未知, 视频编解码器: 未知, 音频编解码器: 未知
分类: 江苏, 名称: 泰州新闻综合, 有效: 0, IPv4: 8, IPv6: 0, 最小延迟: — ms, 最高速率: 0.00 MiB/s, 平均速率: 0.00 MiB/s, 最高分辨率: —, 平均帧率: 未知, 视频编解码器: 未知, 音频编解码器: 未知
分类: 江苏, 名称: 镇江教育民生, 有效: 0, IPv4: 2, IPv6: 0, 最小延迟: — ms, 最高速率: 0.00 MiB/s, 平均速率: 0.00 MiB/s, 最高分辨率: —, 平均帧率: 未知, 视频编解码器: 未知, 音频编解码器: 未知
分类: 江苏, 名称: 丹阳新闻, 有效: 0, IPv4: 2, IPv6: 0, 最小延迟: — ms, 最高速率: 0.00 MiB/s, 平均速率: 0.00 MiB/s, 最高分辨率: —, 平均帧率: 未知, 视频编解码器: 未知, 音频编解码器: 未知
分类: 江苏, 名称: 宿豫综合, 有效: 0, IPv4: 3, IPv6: 0, 最小延迟: — ms, 最高速率: 0.00 MiB/s, 平均速率: 0.00 MiB/s, 最高分辨率: —, 平均帧率: 未知, 视频编解码器: 未知, 音频编解码器: 未知
分类: 江苏, 名称: 扬中综合, 有效: 0, IPv4: 1, IPv6: 0, 最小延迟: — ms, 最高速率: 0.00 MiB/s, 平均速率: 0.00 MiB/s, 最高分辨率: —, 平均帧率: 未知, 视频编解码器: 未知, 音频编解码器: 未知
分类: 江苏, 名称: 常熟综合, 有效: 2, IPv4: 2, IPv6: 0, 最小延迟: 268 ms, 最高速率: 0.39 MiB/s, 平均速率: 0.32 MiB/s, 最高分辨率: 1280x720, 平均帧率: 25.0, 视频编解码器: h264, 音频编解码器: aac
分类: 江苏, 名称: 武进综合, 有效: 0, IPv4: 1, IPv6: 0, 最小延迟: 586 ms, 最高速率: 0.08 MiB/s, 平均速率: 0.00 MiB/s, 最高分辨率: —, 平均帧率: 未知, 视频编解码器: 未知, 音频编解码器: 未知
分类: 江苏, 名称: 武进生活, 有效: 0, IPv4: 3, IPv6: 0, 最小延迟: 1992 ms, 最高速率: 0.01 MiB/s, 平均速率: 0.00 MiB/s, 最高分辨率: —, 平均帧率: 未知, 视频编解码器: 未知, 音频编解码器: 未知
分类: 江苏, 名称: 宜兴新闻综合, 有效: 0, IPv4: 6, IPv6: 0, 最小延迟: — ms, 最高速率: 0.00 MiB/s, 平均速率: 0.00 MiB/s, 最高分辨率: —, 平均帧率: 未知, 视频编解码器: 未知, 音频编解码器: 未知
分类: 江苏, 名称: 江阴新闻综合, 有效: 0, IPv4: 9, IPv6: 0, 最小延迟: 513 ms, 最高速率: 0.38 MiB/s, 平均速率: 0.00 MiB/s, 最高分辨率: 1920x1080, 平均帧率: 25.0, 视频编解码器: h264, 音频编解码器: aac
分类: 江苏, 名称: 高邮综合, 有效: 0, IPv4: 3, IPv6: 0, 最小延迟: 807 ms, 最高速率: 0.00 MiB/s, 平均速率: 0.00 MiB/s, 最高分辨率: —, 平均帧率: 未知, 视频编解码器: 未知, 音频编解码器: 未知
分类: 江苏, 名称: 金坛综合, 有效: 0, IPv4: 1, IPv6: 0, 最小延迟: — ms, 最高速率: 0.00 MiB/s, 平均速率: 0.00 MiB/s, 最高分辨率: —, 平均帧率: 未知, 视频编解码器: 未知, 音频编解码器: 未知
分类: 江苏, 名称: 响水综合, 有效: 0, IPv4: 1, IPv6: 0, 最小延迟: — ms, 最高速率: 0.00 MiB/s, 平均速率: 0.00 MiB/s, 最高分辨率: —, 平均帧率: 未知, 视频编解码器: 未知, 音频编解码器: 未知
分类: 江苏, 名称: 江宁综合, 有效: 0, IPv4: 3, IPv6: 0, 最小延迟: — ms, 最高速率: 0.00 MiB/s, 平均速率: 0.00 MiB/s, 最高分辨率: —, 平均帧率: 未知, 视频编解码器: 未知, 音频编解码器: 未知
分类: 江苏, 名称: 泰兴综合, 有效: 1, IPv4: 2, IPv6: 0, 最小延迟: 296 ms, 最高速率: 1.60 MiB/s, 平均速率: 0.58 MiB/s, 最高分辨率: 1920x1080, 平均帧率: 25.0, 视频编解码器: h264, 音频编解码器: aac
分类: 江苏, 名称: 靖江综合, 有效: 0, IPv4: 1, IPv6: 0, 最小延迟: 334 ms, 最高速率: 0.04 MiB/s, 平均速率: 0.00 MiB/s, 最高分辨率: 1280x720, 平均帧率: 未知, 视频编解码器: 未知, 音频编解码器: 未知
分类: 江苏, 名称: 张家港民生, 有效: 0, IPv4: 1, IPv6: 0, 最小延迟: — ms, 最高速率: 0.00 MiB/s, 平均速率: 0.00 MiB/s, 最高分辨率: —, 平均帧率: 未知, 视频编解码器: 未知, 音频编解码器: 未知
分类: 江苏, 名称: 吴江新闻综合, 有效: 0, IPv4: 2, IPv6: 0, 最小延迟: — ms, 最高速率: 0.00 MiB/s, 平均速率: 0.00 MiB/s, 最高分辨率: —, 平均帧率: 未知, 视频编解码器: 未知, 音频编解码器: 未知
分类: 江苏, 名称: 沛县新闻综合, 有效: 0, IPv4: 1, IPv6: 0, 最小延迟: — ms, 最高速率: 0.00 MiB/s, 平均速率: 0.00 MiB/s, 最高分辨率: —, 平均帧率: 未知, 视频编解码器: 未知, 音频编解码器: 未知
分类: 江苏, 名称: 贾汪新闻, 有效: 0, IPv4: 2, IPv6: 0, 最小延迟: 380 ms, 最高速率: 1.45 MiB/s, 平均速率: 0.00 MiB/s, 最高分辨率: 720x576, 平均帧率: 25.0, 视频编解码器: h264, 音频编解码器: aac
分类: 江苏, 名称: 邳州综合, 有效: 0, IPv4: 2, IPv6: 0, 最小延迟: 405 ms, 最高速率: 1.74 MiB/s, 平均速率: 0.00 MiB/s, 最高分辨率: 720x576, 平均帧率: 25.0, 视频编解码器: h264, 音频编解码器: aac
分类: 江苏, 名称: 睢宁综合, 有效: 0, IPv4: 2, IPv6: 0, 最小延迟: — ms, 最高速率: 0.00 MiB/s, 平均速率: 0.00 MiB/s, 最高分辨率: —, 平均帧率: 未知, 视频编解码器: 未知, 音频编解码器: 未知
分类: 江苏, 名称: 贾汪旅游, 有效: 0, IPv4: 1, IPv6: 0, 最小延迟: — ms, 最高速率: 0.00 MiB/s, 平均速率: 0.00 MiB/s, 最高分辨率: —, 平均帧率: 未知, 视频编解码器: 未知, 音频编解码器: 未知
分类: 江苏, 名称: 睢宁三农, 有效: 0, IPv4: 2, IPv6: 0, 最小延迟: — ms, 最高速率: 0.00 MiB/s, 平均速率: 0.00 MiB/s, 最高分辨率: —, 平均帧率: 未知, 视频编解码器: 未知, 音频编解码器: 未知
分类: 江苏, 名称: 睢宁资讯, 有效: 0, IPv4: 1, IPv6: 0, 最小延迟: — ms, 最高速率: 0.00 MiB/s, 平均速率: 0.00 MiB/s, 最高分辨率: —, 平均帧率: 未知, 视频编解码器: 未知, 音频编解码器: 未知
分类: 江苏, 名称: 东海综合, 有效: 0, IPv4: 2, IPv6: 0, 最小延迟: — ms, 最高速率: 0.00 MiB/s, 平均速率: 0.00 MiB/s, 最高分辨率: —, 平均帧率: 未知, 视频编解码器: 未知, 音频编解码器: 未知
分类: 江苏, 名称: 姜堰新闻综合, 有效: 0, IPv4: 1, IPv6: 0, 最小延迟: — ms, 最高速率: 0.00 MiB/s, 平均速率: 0.00 MiB/s, 最高分辨率: —, 平均帧率: 未知, 视频编解码器: 未知, 音频编解码器: 未知
分类: 江苏, 名称: 金湖新闻综合, 有效: 0, IPv4: 2, IPv6: 0, 最小延迟: — ms, 最高速率: 0.00 MiB/s, 平均速率: 0.00 MiB/s, 最高分辨率: —, 平均帧率: 未知, 视频编解码器: 未知, 音频编解码器: 未知
分类: 江苏, 名称: 新沂新闻, 有效: 0, IPv4: 1, IPv6: 0, 最小延迟: 543 ms, 最高速率: 0.73 MiB/s, 平均速率: 0.00 MiB/s, 最高分辨率: 720x576, 平均帧率: 25.0, 视频编解码器: h264, 音频编解码器: aac
分类: 江苏, 名称: 赣榆新闻综合, 有效: 0, IPv4: 1, IPv6: 0, 最小延迟: — ms, 最高速率: 0.00 MiB/s, 平均速率: 0.00 MiB/s, 最高分辨率: —, 平均帧率: 未知, 视频编解码器: 未知, 音频编解码器: 未知
分类: 江苏, 名称: 溧水新闻综合, 有效: 0, IPv4: 2, IPv6: 0, 最小延迟: — ms, 最高速率: 0.00 MiB/s, 平均速率: 0.00 MiB/s, 最高分辨率: —, 平均帧率: 未知, 视频编解码器: 未知, 音频编解码器: 未知
分类: 江苏, 名称: 淮阴综合, 有效: 0, IPv4: 1, IPv6: 0, 最小延迟: — ms, 最高速率: 0.00 MiB/s, 平均速率: 0.00 MiB/s, 最高分辨率: —, 平均帧率: 未知, 视频编解码器: 未知, 音频编解码器: 未知
分类: 江苏, 名称: 盐都综合, 有效: 0, IPv4: 1, IPv6: 0, 最小延迟: — ms, 最高速率: 0.00 MiB/s, 平均速率: 0.00 MiB/s, 最高分辨率: —, 平均帧率: 未知, 视频编解码器: 未知, 音频编解码器: 未知
分类: 江苏, 名称: 东台综合, 有效: 0, IPv4: 1, IPv6: 0, 最小延迟: — ms, 最高速率: 0.00 MiB/s, 平均速率: 0.00 MiB/s, 最高分辨率: —, 平均帧率: 未知, 视频编解码器: 未知, 音频编解码器: 未知
分类: 江苏, 名称: 泗阳综合, 有效: 0, IPv4: 1, IPv6: 0, 最小延迟: — ms, 最高速率: 0.00 MiB/s, 平均速率: 0.00 MiB/s, 最高分辨率: —, 平均帧率: 未知, 视频编解码器: 未知, 音频编解码器: 未知
分类: 江苏, 名称: 铜山1套, 有效: 0, IPv4: 1, IPv6: 0, 最小延迟: 573 ms, 最高速率: 0.86 MiB/s, 平均速率: 0.00 MiB/s, 最高分辨率: 720x576, 平均帧率: 25.0, 视频编解码器: h264, 音频编解码器: aac
分类: 江苏, 名称: 句容生活, 有效: 0, IPv4: 2, IPv6: 0, 最小延迟: 746 ms, 最高速率: 0.16 MiB/s, 平均速率: 0.00 MiB/s, 最高分辨率: 1280x720, 平均帧率: 未知, 视频编解码器: 未知, 音频编解码器: 未知
分类: 江苏, 名称: 句容新闻综合, 有效: 0, IPv4: 1, IPv6: 0, 最小延迟: 1507 ms, 最高速率: 0.04 MiB/s, 平均速率: 0.00 MiB/s, 最高分辨率: 1280x720, 平均帧率: 未知, 视频编解码器: 未知, 音频编解码器: 未知
分类: 江苏, 名称: 盱眙综合, 有效: 0, IPv4: 1, IPv6: 0, 最小延迟: 404 ms, 最高速率: 1.48 MiB/s, 平均速率: 0.00 MiB/s, 最高分辨率: 720x576, 平均帧率: 25.0, 视频编解码器: h264, 音频编解码器: aac
分类: 江苏, 名称: 洪泽综合, 有效: 0, IPv4: 1, IPv6: 0, 最小延迟: 375 ms, 最高速率: 1.71 MiB/s, 平均速率: 0.00 MiB/s, 最高分辨率: 720x576, 平均帧率: 25.0, 视频编解码器: h264, 音频编解码器: aac
分类: 辽宁, 名称: 辽宁都市, 有效: 0, IPv4: 3, IPv6: 0, 最小延迟: 296 ms, 最高速率: 0.18 MiB/s, 平均速率: 0.00 MiB/s, 最高分辨率: —, 平均帧率: 未知, 视频编解码器: 未知, 音频编解码器: 未知
分类: 辽宁, 名称: 辽宁公共, 有效: 0, IPv4: 3, IPv6: 0, 最小延迟: 305 ms, 最高速率: 0.29 MiB/s, 平均速率: 0.00 MiB/s, 最高分辨率: 1920x1080, 平均帧率: 25.0, 视频编解码器: h264, 音频编解码器: mp2
分类: 辽宁, 名称: 辽宁教育青少, 有效: 0, IPv4: 2, IPv6: 0, 最小延迟: 304 ms, 最高速率: 0.13 MiB/s, 平均速率: 0.00 MiB/s, 最高分辨率: —, 平均帧率: 未知, 视频编解码器: 未知, 音频编解码器: 未知
分类: 辽宁, 名称: 辽宁经济, 有效: 0, IPv4: 3, IPv6: 0, 最小延迟: 1034 ms, 最高速率: 0.06 MiB/s, 平均速率: 0.00 MiB/s, 最高分辨率: —, 平均帧率: 未知, 视频编解码器: 未知, 音频编解码器: 未知
分类: 辽宁, 名称: 辽宁北方, 有效: 0, IPv4: 2, IPv6: 0, 最小延迟: 1453 ms, 最高速率: 0.04 MiB/s, 平均速率: 0.00 MiB/s, 最高分辨率: —, 平均帧率: 未知, 视频编解码器: 未知, 音频编解码器: 未知
分类: 辽宁, 名称: 辽宁生活, 有效: 0, IPv4: 2, IPv6: 0, 最小延迟: — ms, 最高速率: 0.00 MiB/s, 平均速率: 0.00 MiB/s, 最高分辨率: —, 平均帧率: 未知, 视频编解码器: 未知, 音频编解码器: 未知
分类: 辽宁, 名称: 辽宁影视剧, 有效: 0, IPv4: 2, IPv6: 0, 最小延迟: 1593 ms, 最高速率: 0.03 MiB/s, 平均速率: 0.00 MiB/s, 最高分辨率: —, 平均帧率: 未知, 视频编解码器: 未知, 音频编解码器: 未知
分类: 辽宁, 名称: 辽宁体育休闲, 有效: 0, IPv4: 1, IPv6: 0, 最小延迟: 1044 ms, 最高速率: 0.05 MiB/s, 平均速率: 0.00 MiB/s, 最高分辨率: —, 平均帧率: 未知, 视频编解码器: 未知, 音频编解码器: 未知
分类: 辽宁, 名称: 朝阳新闻综合, 有效: 0, IPv4: 1, IPv6: 0, 最小延迟: — ms, 最高速率: 0.00 MiB/s, 平均速率: 0.00 MiB/s, 最高分辨率: —, 平均帧率: 未知, 视频编解码器: 未知, 音频编解码器: 未知
分类: 辽宁, 名称: 家庭理财, 有效: 0, IPv4: 2, IPv6: 0, 最小延迟: — ms, 最高速率: 0.00 MiB/s, 平均速率: 0.00 MiB/s, 最高分辨率: —, 平均帧率: 未知, 视频编解码器: 未知, 音频编解码器: 未知
分类: 辽宁, 名称: 大连新闻综合, 有效: 0, IPv4: 1, IPv6: 0, 最小延迟: — ms, 最高速率: 0.00 MiB/s, 平均速率: 0.00 MiB/s, 最高分辨率: —, 平均帧率: 未知, 视频编解码器: 未知, 音频编解码器: 未知
分类: 辽宁, 名称: 大连生活, 有效: 0, IPv4: 1, IPv6: 0, 最小延迟: — ms, 最高速率: 0.00 MiB/s, 平均速率: 0.00 MiB/s, 最高分辨率: —, 平均帧率: 未知, 视频编解码器: 未知, 音频编解码器: 未知
分类: 辽宁, 名称: 大连文体, 有效: 0, IPv4: 1, IPv6: 0, 最小延迟: — ms, 最高速率: 0.00 MiB/s, 平均速率: 0.00 MiB/s, 最高分辨率: —, 平均帧率: 未知, 视频编解码器: 未知, 音频编解码器: 未知
分类: 辽宁, 名称: 锦州新闻综合, 有效: 0, IPv4: 1, IPv6: 0, 最小延迟: — ms, 最高速率: 0.00 MiB/s, 平均速率: 0.00 MiB/s, 最高分辨率: —, 平均帧率: 未知, 视频编解码器: 未知, 音频编解码器: 未知
分类: 辽宁, 名称: 锦州教育, 有效: 0, IPv4: 1, IPv6: 0, 最小延迟: — ms, 最高速率: 0.00 MiB/s, 平均速率: 0.00 MiB/s, 最高分辨率: —, 平均帧率: 未知, 视频编解码器: 未知, 音频编解码器: 未知
分类: 辽宁, 名称: 丹东新闻综合, 有效: 0, IPv4: 1, IPv6: 0, 最小延迟: — ms, 最高速率: 0.00 MiB/s, 平均速率: 0.00 MiB/s, 最高分辨率: —, 平均帧率: 未知, 视频编解码器: 未知, 音频编解码器: 未知
分类: 湖南, 名称: 湖南经视, 有效: 0, IPv4: 2, IPv6: 0, 最小延迟: — ms, 最高速率: 0.00 MiB/s, 平均速率: 0.00 MiB/s, 最高分辨率: —, 平均帧率: 未知, 视频编解码器: 未知, 音频编解码器: 未知
分类: 湖南, 名称: 金鹰纪实, 有效: 0, IPv4: 3, IPv6: 0, 最小延迟: — ms, 最高速率: 0.00 MiB/s, 平均速率: 0.00 MiB/s, 最高分辨率: —, 平均帧率: 未知, 视频编解码器: 未知, 音频编解码器: 未知
分类: 湖南, 名称: 湖南娱乐, 有效: 0, IPv4: 2, IPv6: 0, 最小延迟: — ms, 最高速率: 0.00 MiB/s, 平均速率: 0.00 MiB/s, 最高分辨率: —, 平均帧率: 未知, 视频编解码器: 未知, 音频编解码器: 未知
分类: 湖南, 名称: 湖南都市, 有效: 0, IPv4: 2, IPv6: 0, 最小延迟: — ms, 最高速率: 0.00 MiB/s, 平均速率: 0.00 MiB/s, 最高分辨率: —, 平均帧率: 未知, 视频编解码器: 未知, 音频编解码器: 未知
分类: 湖南, 名称: 金鹰卡通, 有效: 0, IPv4: 20, IPv6: 0, 最小延迟: 310 ms, 最高速率: 0.38 MiB/s, 平均速率: 0.00 MiB/s, 最高分辨率: —, 平均帧率: 25.0, 视频编解码器: h264, 音频编解码器: mp2
分类: 湖南, 名称: 湖南电影, 有效: 0, IPv4: 2, IPv6: 0, 最小延迟: — ms, 最高速率: 0.00 MiB/s, 平均速率: 0.00 MiB/s, 最高分辨率: —, 平均帧率: 未知, 视频编解码器: 未知, 音频编解码器: 未知
分类: 湖南, 名称: 湖南国际, 有效: 0, IPv4: 2, IPv6: 0, 最小延迟: — ms, 最高速率: 0.00 MiB/s, 平均速率: 0.00 MiB/s, 最高分辨率: —, 平均帧率: 未知, 视频编解码器: 未知, 音频编解码器: 未知
分类: 湖南, 名称: 湖南爱晚, 有效: 0, IPv4: 3, IPv6: 0, 最小延迟: — ms, 最高速率: 0.00 MiB/s, 平均速率: 0.00 MiB/s, 最高分辨率: —, 平均帧率: 未知, 视频编解码器: 未知, 音频编解码器: 未知
分类: 湖南, 名称: 快乐垂钓, 有效: 0, IPv4: 4, IPv6: 0, 最小延迟: 379 ms, 最高速率: 0.37 MiB/s, 平均速率: 0.00 MiB/s, 最高分辨率: 1920x1080, 平均帧率: 25.0, 视频编解码器: h264, 音频编解码器: mp2
分类: 湖南, 名称: 永州新闻综合, 有效: 0, IPv4: 2, IPv6: 0, 最小延迟: — ms, 最高速率: 0.00 MiB/s, 平均速率: 0.00 MiB/s, 最高分辨率: —, 平均帧率: 未知, 视频编解码器: 未知, 音频编解码器: 未知
分类: 湖南, 名称: 娄底综合, 有效: 0, IPv4: 3, IPv6: 0, 最小延迟: — ms, 最高速率: 0.00 MiB/s, 平均速率: 0.00 MiB/s, 最高分辨率: —, 平均帧率: 未知, 视频编解码器: 未知, 音频编解码器: 未知
分类: 湖南, 名称: 衡阳新闻综合, 有效: 0, IPv4: 1, IPv6: 0, 最小延迟: 582 ms, 最高速率: 0.01 MiB/s, 平均速率: 0.00 MiB/s, 最高分辨率: —, 平均帧率: 未知, 视频编解码器: 未知, 音频编解码器: 未知
分类: 湖南, 名称: 长沙政法, 有效: 0, IPv4: 1, IPv6: 0, 最小延迟: — ms, 最高速率: 0.00 MiB/s, 平均速率: 0.00 MiB/s, 最高分辨率: —, 平均帧率: 未知, 视频编解码器: 未知, 音频编解码器: 未知
分类: 湖南, 名称: 通道综合, 有效: 0, IPv4: 1, IPv6: 0, 最小延迟: — ms, 最高速率: 0.00 MiB/s, 平均速率: 0.00 MiB/s, 最高分辨率: —, 平均帧率: 未知, 视频编解码器: 未知, 音频编解码器: 未知
分类: 湖南, 名称: 湖南教育, 有效: 0, IPv4: 1, IPv6: 0, 最小延迟: — ms, 最高速率: 0.00 MiB/s, 平均速率: 0.00 MiB/s, 最高分辨率: —, 平均帧率: 未知, 视频编解码器: 未知, 音频编解码器: 未知
分类: 湖南, 名称: 湘潭综合, 有效: 0, IPv4: 1, IPv6: 0, 最小延迟: — ms, 最高速率: 0.00 MiB/s, 平均速率: 0.00 MiB/s, 最高分辨率: —, 平均帧率: 未知, 视频编解码器: 未知, 音频编解码器: 未知
分类: 湖南, 名称: 娄底教育, 有效: 0, IPv4: 1, IPv6: 0, 最小延迟: — ms, 最高速率: 0.00 MiB/s, 平均速率: 0.00 MiB/s, 最高分辨率: —, 平均帧率: 未知, 视频编解码器: 未知, 音频编解码器: 未知
分类: 湖南, 名称: 双峰综合, 有效: 0, IPv4: 1, IPv6: 0, 最小延迟: — ms, 最高速率: 0.00 MiB/s, 平均速率: 0.00 MiB/s, 最高分辨率: —, 平均帧率: 未知, 视频编解码器: 未知, 音频编解码器: 未知
分类: 湖北, 名称: 湖北经视, 有效: 0, IPv4: 4, IPv6: 0, 最小延迟: — ms, 最高速率: 0.00 MiB/s, 平均速率: 0.00 MiB/s, 最高分辨率: —, 平均帧率: 未知, 视频编解码器: 未知, 音频编解码器: 未知
分类: 湖北, 名称: 精彩影视, 有效: 0, IPv4: 4, IPv6: 0, 最小延迟: — ms, 最高速率: 0.00 MiB/s, 平均速率: 0.00 MiB/s, 最高分辨率: —, 平均帧率: 未知, 视频编解码器: 未知, 音频编解码器: 未知
分类: 湖北, 名称: 湖北影视, 有效: 0, IPv4: 2, IPv6: 0, 最小延迟: — ms, 最高速率: 0.00 MiB/s, 平均速率: 0.00 MiB/s, 最高分辨率: —, 平均帧率: 未知, 视频编解码器: 未知, 音频编解码器: 未知
分类: 湖北, 名称: 宜昌综合, 有效: 1, IPv4: 1, IPv6: 0, 最小延迟: 295 ms, 最高速率: 0.69 MiB/s, 平均速率: 0.69 MiB/s, 最高分辨率: 1920x1080, 平均帧率: 25.0, 视频编解码器: h264, 音频编解码器: aac
分类: 湖北, 名称: 黄石新闻综合, 有效: 1, IPv4: 1, IPv6: 0, 最小延迟: 538 ms, 最高速率: 0.31 MiB/s, 平均速率: 0.31 MiB/s, 最高分辨率: 1280x720, 平均帧率: 25.0, 视频编解码器: h264, 音频编解码器: aac
分类: 湖北, 名称: 湖北垄上, 有效: 0, IPv4: 1, IPv6: 0, 最小延迟: — ms, 最高速率: 0.00 MiB/s, 平均速率: 0.00 MiB/s, 最高分辨率: —, 平均帧率: 未知, 视频编解码器: 未知, 音频编解码器: 未知
分类: 湖北, 名称: 武汉都市文体, 有效: 0, IPv4: 1, IPv6: 0, 最小延迟: — ms, 最高速率: 0.00 MiB/s, 平均速率: 0.00 MiB/s, 最高分辨率: —, 平均帧率: 未知, 视频编解码器: 未知, 音频编解码器: 未知
分类: 湖北, 名称: 武汉新闻综合, 有效: 1, IPv4: 2, IPv6: 0, 最小延迟: 394 ms, 最高速率: 0.33 MiB/s, 平均速率: 0.33 MiB/s, 最高分辨率: 1280x720, 平均帧率: 25.0, 视频编解码器: h264, 音频编解码器: aac
分类: 湖北, 名称: 武汉电视剧, 有效: 0, IPv4: 1, IPv6: 0, 最小延迟: — ms, 最高速率: 0.00 MiB/s, 平均速率: 0.00 MiB/s, 最高分辨率: —, 平均帧率: 未知, 视频编解码器: 未知, 音频编解码器: 未知
分类: 湖北, 名称: 随州综合, 有效: 0, IPv4: 2, IPv6: 0, 最小延迟: 373 ms, 最高速率: 0.39 MiB/s, 平均速率: 0.00 MiB/s, 最高分辨率: 1920x1080, 平均帧率: 25.0, 视频编解码器: h264, 音频编解码器: aac
分类: 湖北, 名称: 宜昌旅游生活, 有效: 0, IPv4: 1, IPv6: 0, 最小延迟: — ms, 最高速率: 0.00 MiB/s, 平均速率: 0.00 MiB/s, 最高分辨率: —, 平均帧率: 未知, 视频编解码器: 未知, 音频编解码器: 未知
分类: 湖北, 名称: 恩施文旅, 有效: 0, IPv4: 1, IPv6: 0, 最小延迟: — ms, 最高速率: 0.00 MiB/s, 平均速率: 0.00 MiB/s, 最高分辨率: —, 平均帧率: 未知, 视频编解码器: 未知, 音频编解码器: 未知
分类: 湖北, 名称: 荆门新闻综合, 有效: 0, IPv4: 1, IPv6: 0, 最小延迟: 552 ms, 最高速率: 0.29 MiB/s, 平均速率: 0.00 MiB/s, 最高分辨率: 1920x1080, 平均帧率: 25.0, 视频编解码器: h264, 音频编解码器: aac
分类: 湖北, 名称: 十堰经济旅游, 有效: 1, IPv4: 1, IPv6: 0, 最小延迟: 767 ms, 最高速率: 0.42 MiB/s, 平均速率: 0.42 MiB/s, 最高分辨率: 1280x720, 平均帧率: 25.0, 视频编解码器: h264, 音频编解码器: aac
分类: 湖北, 名称: 荆门科教文旅, 有效: 0, IPv4: 1, IPv6: 0, 最小延迟: 556 ms, 最高速率: 0.34 MiB/s, 平均速率: 0.00 MiB/s, 最高分辨率: 1920x1080, 平均帧率: 25.0, 视频编解码器: h264, 音频编解码器: aac
分类: 湖北, 名称: 随州农村, 有效: 0, IPv4: 1, IPv6: 0, 最小延迟: 601 ms, 最高速率: 0.25 MiB/s, 平均速率: 0.00 MiB/s, 最高分辨率: 1920x1080, 平均帧率: 25.0, 视频编解码器: h264, 音频编解码器: aac
分类: 湖北, 名称: 咸丰综合, 有效: 0, IPv4: 1, IPv6: 0, 最小延迟: 574 ms, 最高速率: 0.12 MiB/s, 平均速率: 0.00 MiB/s, 最高分辨率: —, 平均帧率: 未知, 视频编解码器: 未知, 音频编解码器: 未知
分类: 湖北, 名称: 长阳综合, 有效: 0, IPv4: 1, IPv6: 0, 最小延迟: 1020 ms, 最高速率: 0.15 MiB/s, 平均速率: 0.00 MiB/s, 最高分辨率: —, 平均帧率: 未知, 视频编解码器: 未知, 音频编解码器: 未知
分类: 湖北, 名称: 通山综合, 有效: 0, IPv4: 1, IPv6: 0, 最小延迟: — ms, 最高速率: 0.00 MiB/s, 平均速率: 0.00 MiB/s, 最高分辨率: —, 平均帧率: 未知, 视频编解码器: 未知, 音频编解码器: 未知
分类: 湖北, 名称: 麻城综合, 有效: 0, IPv4: 1, IPv6: 0, 最小延迟: — ms, 最高速率: 0.00 MiB/s, 平均速率: 0.00 MiB/s, 最高分辨率: —, 平均帧率: 未知, 视频编解码器: 未知, 音频编解码器: 未知
分类: 湖北, 名称: 赤壁综合, 有效: 0, IPv4: 1, IPv6: 0, 最小延迟: — ms, 最高速率: 0.00 MiB/s, 平均速率: 0.00 MiB/s, 最高分辨率: —, 平均帧率: 未知, 视频编解码器: 未知, 音频编解码器: 未知
分类: 湖北, 名称: 嘉鱼综合, 有效: 0, IPv4: 1, IPv6: 0, 最小延迟: — ms, 最高速率: 0.00 MiB/s, 平均速率: 0.00 MiB/s, 最高分辨率: —, 平均帧率: 未知, 视频编解码器: 未知, 音频编解码器: 未知
分类: 湖北, 名称: 巴东综合, 有效: 0, IPv4: 1, IPv6: 0, 最小延迟: 577 ms, 最高速率: 0.11 MiB/s, 平均速率: 0.00 MiB/s, 最高分辨率: —, 平均帧率: 未知, 视频编解码器: 未知, 音频编解码器: 未知
分类: 湖北, 名称: 潜江综合, 有效: 0, IPv4: 1, IPv6: 0, 最小延迟: 952 ms, 最高速率: 0.20 MiB/s, 平均速率: 0.00 MiB/s, 最高分辨率: 1920x1080, 平均帧率: 25.0, 视频编解码器: h264, 音频编解码器: aac
分类: 湖北, 名称: 崇阳综合, 有效: 0, IPv4: 1, IPv6: 0, 最小延迟: — ms, 最高速率: 0.00 MiB/s, 平均速率: 0.00 MiB/s, 最高分辨率: —, 平均帧率: 未知, 视频编解码器: 未知, 音频编解码器: 未知
分类: 湖北, 名称: 保康综合, 有效: 0, IPv4: 1, IPv6: 0, 最小延迟: — ms, 最高速率: 0.00 MiB/s, 平均速率: 0.00 MiB/s, 最高分辨率: —, 平均帧率: 未知, 视频编解码器: 未知, 音频编解码器: 未知
分类: 广西, 名称: 广西综艺旅游, 有效: 3, IPv4: 13, IPv6: 0, 最小延迟: 40 ms, 最高速率: 11.49 MiB/s, 平均速率: 11.20 MiB/s, 最高分辨率: 1920x1080, 平均帧率: 25.0, 视频编解码器: h264, 音频编解码器: aac
分类: 广西, 名称: 广西都市, 有效: 3, IPv4: 13, IPv6: 0, 最小延迟: 36 ms, 最高速率: 11.91 MiB/s, 平均速率: 8.81 MiB/s, 最高分辨率: 1920x1080, 平均帧率: 25.0, 视频编解码器: h264, 音频编解码器: aac
分类: 广西, 名称: 广西影视, 有效: 3, IPv4: 13, IPv6: 0, 最小延迟: 38 ms, 最高速率: 12.23 MiB/s, 平均速率: 11.73 MiB/s, 最高分辨率: 1920x1080, 平均帧率: 25.0, 视频编解码器: h264, 音频编解码器: aac
分类: 广西, 名称: 广西新闻, 有效: 5, IPv4: 8, IPv6: 0, 最小延迟: 39 ms, 最高速率: 12.20 MiB/s, 平均速率: 10.96 MiB/s, 最高分辨率: 1920x1080, 平均帧率: 25.0, 视频编解码器: h264, 音频编解码器: aac
分类: 广西, 名称: 广西国际, 有效: 5, IPv4: 5, IPv6: 0, 最小延迟: 38 ms, 最高速率: 12.05 MiB/s, 平均速率: 9.92 MiB/s, 最高分辨率: 1920x1080, 平均帧率: 32.0, 视频编解码器: h264, 音频编解码器: aac
分类: 广西, 名称: 南宁新闻综合, 有效: 1, IPv4: 6, IPv6: 0, 最小延迟: 225 ms, 最高速率: 0.73 MiB/s, 平均速率: 0.73 MiB/s, 最高分辨率: 1280x720, 平均帧率: 25.0, 视频编解码器: h264, 音频编解码器: aac
分类: 广西, 名称: 南宁文旅生活, 有效: 1, IPv4: 2, IPv6: 0, 最小延迟: 219 ms, 最高速率: 0.35 MiB/s, 平均速率: 0.35 MiB/s, 最高分辨率: 1280x720, 平均帧率: 25.0, 视频编解码器: h264, 音频编解码器: aac
分类: 广西, 名称: 南宁公共, 有效: 0, IPv4: 5, IPv6: 0, 最小延迟: — ms, 最高速率: 0.00 MiB/s, 平均速率: 0.00 MiB/s, 最高分辨率: —, 平均帧率: 未知, 视频编解码器: 未知, 音频编解码器: 未知
分类: 广西, 名称: 南宁影视娱乐, 有效: 1, IPv4: 3, IPv6: 0, 最小延迟: 684 ms, 最高速率: 0.27 MiB/s, 平均速率: 0.27 MiB/s, 最高分辨率: 1280x720, 平均帧率: 25.0, 视频编解码器: h264, 音频编解码器: aac
分类: 广西, 名称: 桂林新闻综合, 有效: 0, IPv4: 4, IPv6: 0, 最小延迟: 3374 ms, 最高速率: 0.00 MiB/s, 平均速率: 0.00 MiB/s, 最高分辨率: —, 平均帧率: 未知, 视频编解码器: 未知, 音频编解码器: 未知
分类: 广西, 名称: 桂林科教旅游, 有效: 0, IPv4: 3, IPv6: 0, 最小延迟: 3458 ms, 最高速率: 0.00 MiB/s, 平均速率: 0.00 MiB/s, 最高分辨率: —, 平均帧率: 未知, 视频编解码器: 未知, 音频编解码器: 未知
分类: 广西, 名称: 梧州新闻综合, 有效: 0, IPv4: 3, IPv6: 0, 最小延迟: — ms, 最高速率: 0.00 MiB/s, 平均速率: 0.00 MiB/s, 最高分辨率: —, 平均帧率: 未知, 视频编解码器: 未知, 音频编解码器: 未知
分类: 广西, 名称: 北海经济科教, 有效: 1, IPv4: 1, IPv6: 0, 最小延迟: 412 ms, 最高速率: 0.73 MiB/s, 平均速率: 0.73 MiB/s, 最高分辨率: 1920x1080, 平均帧率: 25.0, 视频编解码器: h264, 音频编解码器: aac
分类: 广西, 名称: 梧州教育生活, 有效: 0, IPv4: 3, IPv6: 0, 最小延迟: — ms, 最高速率: 0.00 MiB/s, 平均速率: 0.00 MiB/s, 最高分辨率: —, 平均帧率: 未知, 视频编解码器: 未知, 音频编解码器: 未知
分类: 广西, 名称: 北海新闻综合, 有效: 0, IPv4: 1, IPv6: 0, 最小延迟: 450 ms, 最高速率: 0.34 MiB/s, 平均速率: 0.00 MiB/s, 最高分辨率: 1920x1080, 平均帧率: 25.0, 视频编解码器: h264, 音频编解码器: aac
分类: 广西, 名称: 钦州综合, 有效: 0, IPv4: 2, IPv6: 0, 最小延迟: 538 ms, 最高速率: 0.14 MiB/s, 平均速率: 0.00 MiB/s, 最高分辨率: —, 平均帧率: 未知, 视频编解码器: 未知, 音频编解码器: 未知
分类: 广西, 名称: 钦州公共, 有效: 0, IPv4: 2, IPv6: 0, 最小延迟: 218 ms, 最高速率: 0.34 MiB/s, 平均速率: 0.00 MiB/s, 最高分辨率: 320x240, 平均帧率: 25.0, 视频编解码器: h264, 音频编解码器: aac
分类: 广西, 名称: 靖西综合, 有效: 0, IPv4: 3, IPv6: 0, 最小延迟: — ms, 最高速率: 0.00 MiB/s, 平均速率: 0.00 MiB/s, 最高分辨率: —, 平均帧率: 未知, 视频编解码器: 未知, 音频编解码器: 未知
分类: 广西, 名称: 来宾综合, 有效: 0, IPv4: 1, IPv6: 0, 最小延迟: 358 ms, 最高速率: 0.28 MiB/s, 平均速率: 0.00 MiB/s, 最高分辨率: 1920x1080, 平均帧率: 未知, 视频编解码器: 未知, 音频编解码器: 未知
分类: 广西, 名称: 隆安综合, 有效: 1, IPv4: 1, IPv6: 0, 最小延迟: 468 ms, 最高速率: 4.75 MiB/s, 平均速率: 4.75 MiB/s, 最高分辨率: 1920x1080, 平均帧率: 30.0, 视频编解码器: h264, 音频编解码器: aac
分类: 广西, 名称: 那坡综合, 有效: 0, IPv4: 4, IPv6: 0, 最小延迟: 213 ms, 最高速率: 0.42 MiB/s, 平均速率: 0.00 MiB/s, 最高分辨率: 720x576, 平均帧率: 25.0, 视频编解码器: h264, 音频编解码器: aac
分类: 广西, 名称: 都安综合, 有效: 0, IPv4: 3, IPv6: 0, 最小延迟: 327 ms, 最高速率: 0.91 MiB/s, 平均速率: 0.00 MiB/s, 最高分辨率: 720x576, 平均帧率: 25.0, 视频编解码器: h264, 音频编解码器: aac
分类: 广西, 名称: 东兴综合, 有效: 0, IPv4: 1, IPv6: 0, 最小延迟: — ms, 最高速率: 0.00 MiB/s, 平均速率: 0.00 MiB/s, 最高分辨率: —, 平均帧率: 未知, 视频编解码器: 未知, 音频编解码器: 未知
分类: 天津, 名称: 天津影视, 有效: 2, IPv4: 2, IPv6: 0, 最小延迟: 43 ms, 最高速率: 2.92 MiB/s, 平均速率: 2.49 MiB/s, 最高分辨率: 1280x720, 平均帧率: 25.0, 视频编解码器: h264, 音频编解码器: aac
分类: 天津, 名称: 天津体育, 有效: 2, IPv4: 2, IPv6: 0, 最小延迟: 48 ms, 最高速率: 1.64 MiB/s, 平均速率: 1.22 MiB/s, 最高分辨率: 1280x720, 平均帧率: 25.0, 视频编解码器: h264, 音频编解码器: aac
分类: 天津, 名称: 武清综合, 有效: 0, IPv4: 3, IPv6: 0, 最小延迟: 2567 ms, 最高速率: 0.00 MiB/s, 平均速率: 0.00 MiB/s, 最高分辨率: —, 平均帧率: 未知, 视频编解码器: 未知, 音频编解码器: 未知
分类: 天津, 名称: 滨海新闻综合, 有效: 0, IPv4: 1, IPv6: 0, 最小延迟: — ms, 最高速率: 0.00 MiB/s, 平均速率: 0.00 MiB/s, 最高分辨率: —, 平均帧率: 未知, 视频编解码器: 未知, 音频编解码器: 未知
分类: 天津, 名称: 滨海生活, 有效: 0, IPv4: 1, IPv6: 0, 最小延迟: — ms, 最高速率: 0.00 MiB/s, 平均速率: 0.00 MiB/s, 最高分辨率: —, 平均帧率: 未知, 视频编解码器: 未知, 音频编解码器: 未知
分类: 天津, 名称: 天津教育, 有效: 2, IPv4: 2, IPv6: 0, 最小延迟: 306 ms, 最高速率: 1.83 MiB/s, 平均速率: 1.15 MiB/s, 最高分辨率: 1280x720, 平均帧率: 25.0, 视频编解码器: h264, 音频编解码器: aac
分类: 四川, 名称: 四川文化旅游, 有效: 0, IPv4: 3, IPv6: 0, 最小延迟: — ms, 最高速率: 0.00 MiB/s, 平均速率: 0.00 MiB/s, 最高分辨率: —, 平均帧率: 未知, 视频编解码器: 未知, 音频编解码器: 未知
分类: 四川, 名称: 四川经济, 有效: 0, IPv4: 3, IPv6: 0, 最小延迟: — ms, 最高速率: 0.00 MiB/s, 平均速率: 0.00 MiB/s, 最高分辨率: —, 平均帧率: 未知, 视频编解码器: 未知, 音频编解码器: 未知
分类: 四川, 名称: 四川新闻, 有效: 0, IPv4: 3, IPv6: 0, 最小延迟: — ms, 最高速率: 0.00 MiB/s, 平均速率: 0.00 MiB/s, 最高分辨率: —, 平均帧率: 未知, 视频编解码器: 未知, 音频编解码器: 未知
分类: 四川, 名称: 四川影视文艺, 有效: 0, IPv4: 1, IPv6: 0, 最小延迟: — ms, 最高速率: 0.00 MiB/s, 平均速率: 0.00 MiB/s, 最高分辨率: —, 平均帧率: 未知, 视频编解码器: 未知, 音频编解码器: 未知
分类: 四川, 名称: 四川妇女儿童, 有效: 0, IPv4: 2, IPv6: 0, 最小延迟: — ms, 最高速率: 0.00 MiB/s, 平均速率: 0.00 MiB/s, 最高分辨率: —, 平均帧率: 未知, 视频编解码器: 未知, 音频编解码器: 未知
分类: 四川, 名称: 四川乡村, 有效: 0, IPv4: 1, IPv6: 0, 最小延迟: — ms, 最高速率: 0.00 MiB/s, 平均速率: 0.00 MiB/s, 最高分辨率: —, 平均帧率: 未知, 视频编解码器: 未知, 音频编解码器: 未知
分类: 四川, 名称: 四川峨眉电影, 有效: 0, IPv4: 5, IPv6: 0, 最小延迟: 368 ms, 最高速率: 0.12 MiB/s, 平均速率: 0.00 MiB/s, 最高分辨率: —, 平均帧率: 未知, 视频编解码器: 未知, 音频编解码器: 未知
分类: 四川, 名称: 康巴卫视, 有效: 0, IPv4: 3, IPv6: 0, 最小延迟: — ms, 最高速率: 0.00 MiB/s, 平均速率: 0.00 MiB/s, 最高分辨率: —, 平均帧率: 未知, 视频编解码器: 未知, 音频编解码器: 未知
分类: 四川, 名称: 安多卫视, 有效: 0, IPv4: 4, IPv6: 0, 最小延迟: — ms, 最高速率: 0.00 MiB/s, 平均速率: 0.00 MiB/s, 最高分辨率: —, 平均帧率: 未知, 视频编解码器: 未知, 音频编解码器: 未知
分类: 四川, 名称: 成都少儿, 有效: 0, IPv4: 1, IPv6: 0, 最小延迟: — ms, 最高速率: 0.00 MiB/s, 平均速率: 0.00 MiB/s, 最高分辨率: —, 平均帧率: 未知, 视频编解码器: 未知, 音频编解码器: 未知
分类: 四川, 名称: 阿坝州新闻综合, 有效: 1, IPv4: 1, IPv6: 0, 最小延迟: 30 ms, 最高速率: 3.94 MiB/s, 平均速率: 3.94 MiB/s, 最高分辨率: 1280x720, 平均帧率: 30.0, 视频编解码器: h264, 音频编解码器: aac
分类: 四川, 名称: 内江综合, 有效: 2, IPv4: 3, IPv6: 0, 最小延迟: 662 ms, 最高速率: 0.46 MiB/s, 平均速率: 0.44 MiB/s, 最高分辨率: 1280x720, 平均帧率: 25.0, 视频编解码器: h264, 音频编解码器: aac
分类: 四川, 名称: 眉山综合, 有效: 0, IPv4: 1, IPv6: 0, 最小延迟: — ms, 最高速率: 0.00 MiB/s, 平均速率: 0.00 MiB/s, 最高分辨率: —, 平均帧率: 未知, 视频编解码器: 未知, 音频编解码器: 未知
分类: 四川, 名称: 攀枝花新闻综合, 有效: 0, IPv4: 2, IPv6: 0, 最小延迟: — ms, 最高速率: 0.00 MiB/s, 平均速率: 0.00 MiB/s, 最高分辨率: —, 平均帧率: 未知, 视频编解码器: 未知, 音频编解码器: 未知
分类: 四川, 名称: 遂宁文化生活, 有效: 0, IPv4: 1, IPv6: 0, 最小延迟: — ms, 最高速率: 0.00 MiB/s, 平均速率: 0.00 MiB/s, 最高分辨率: —, 平均帧率: 未知, 视频编解码器: 未知, 音频编解码器: 未知
分类: 四川, 名称: 遂宁综合, 有效: 0, IPv4: 1, IPv6: 0, 最小延迟: — ms, 最高速率: 0.00 MiB/s, 平均速率: 0.00 MiB/s, 最高分辨率: —, 平均帧率: 未知, 视频编解码器: 未知, 音频编解码器: 未知
分类: 四川, 名称: 内江科教生活, 有效: 2, IPv4: 2, IPv6: 0, 最小延迟: 658 ms, 最高速率: 0.38 MiB/s, 平均速率: 0.32 MiB/s, 最高分辨率: 1280x720, 平均帧率: 25.0, 视频编解码器: h264, 音频编解码器: aac
分类: 四川, 名称: 甘孜综合, 有效: 0, IPv4: 1, IPv6: 0, 最小延迟: — ms, 最高速率: 0.00 MiB/s, 平均速率: 0.00 MiB/s, 最高分辨率: —, 平均帧率: 未知, 视频编解码器: 未知, 音频编解码器: 未知
分类: 四川, 名称: 凉山新闻综合, 有效: 0, IPv4: 1, IPv6: 0, 最小延迟: 377 ms, 最高速率: 0.37 MiB/s, 平均速率: 0.00 MiB/s, 最高分辨率: 720x404, 平均帧率: 25.0, 视频编解码器: h264, 音频编解码器: aac
分类: 四川, 名称: 广元综合, 有效: 0, IPv4: 1, IPv6: 0, 最小延迟: — ms, 最高速率: 0.00 MiB/s, 平均速率: 0.00 MiB/s, 最高分辨率: —, 平均帧率: 未知, 视频编解码器: 未知, 音频编解码器: 未知
分类: 四川, 名称: 广元文化生活, 有效: 0, IPv4: 1, IPv6: 0, 最小延迟: — ms, 最高速率: 0.00 MiB/s, 平均速率: 0.00 MiB/s, 最高分辨率: —, 平均帧率: 未知, 视频编解码器: 未知, 音频编解码器: 未知
分类: 四川, 名称: 雅安新闻综合, 有效: 0, IPv4: 3, IPv6: 0, 最小延迟: 968 ms, 最高速率: 0.45 MiB/s, 平均速率: 0.00 MiB/s, 最高分辨率: 1920x1080, 平均帧率: 25.0, 视频编解码器: h264, 音频编解码器: aac
分类: 四川, 名称: 凉山彝语综合, 有效: 0, IPv4: 1, IPv6: 0, 最小延迟: 368 ms, 最高速率: 0.44 MiB/s, 平均速率: 0.00 MiB/s, 最高分辨率: 720x404, 平均帧率: 25.0, 视频编解码器: h264, 音频编解码器: aac
分类: 四川, 名称: 绵阳新闻综合, 有效: 0, IPv4: 3, IPv6: 0, 最小延迟: 754 ms, 最高速率: 0.19 MiB/s, 平均速率: 0.00 MiB/s, 最高分辨率: —, 平均帧率: 未知, 视频编解码器: 未知, 音频编解码器: 未知
分类: 四川, 名称: 绵阳科教生活, 有效: 1, IPv4: 3, IPv6: 0, 最小延迟: 29 ms, 最高速率: 1.19 MiB/s, 平均速率: 1.19 MiB/s, 最高分辨率: 1920x1080, 平均帧率: 25.0, 视频编解码器: h264, 音频编解码器: aac
分类: 四川, 名称: 雅安文化生活, 有效: 0, IPv4: 3, IPv6: 0, 最小延迟: — ms, 最高速率: 0.00 MiB/s, 平均速率: 0.00 MiB/s, 最高分辨率: —, 平均帧率: 未知, 视频编解码器: 未知, 音频编解码器: 未知
分类: 四川, 名称: 德阳新闻综合, 有效: 0, IPv4: 2, IPv6: 0, 最小延迟: 458 ms, 最高速率: 0.20 MiB/s, 平均速率: 0.00 MiB/s, 最高分辨率: —, 平均帧率: 未知, 视频编解码器: 未知, 音频编解码器: 未知
分类: 四川, 名称: 高新电视台, 有效: 1, IPv4: 1, IPv6: 0, 最小延迟: 435 ms, 最高速率: 0.54 MiB/s, 平均速率: 0.54 MiB/s, 最高分辨率: 1280x720, 平均帧率: 25.0, 视频编解码器: h264, 音频编解码器: aac
分类: 四川, 名称: 会东综合, 有效: 0, IPv4: 1, IPv6: 0, 最小延迟: 341 ms, 最高速率: 0.16 MiB/s, 平均速率: 0.00 MiB/s, 最高分辨率: —, 平均帧率: 未知, 视频编解码器: 未知, 音频编解码器: 未知
分类: 四川, 名称: 宣汉综合, 有效: 0, IPv4: 2, IPv6: 0, 最小延迟: 285 ms, 最高速率: 0.42 MiB/s, 平均速率: 0.00 MiB/s, 最高分辨率: 1920x1080, 平均帧率: 25.0, 视频编解码器: h264, 音频编解码器: aac
分类: 四川, 名称: 乐山新闻综合, 有效: 0, IPv4: 1, IPv6: 0, 最小延迟: — ms, 最高速率: 0.00 MiB/s, 平均速率: 0.00 MiB/s, 最高分辨率: —, 平均帧率: 未知, 视频编解码器: 未知, 音频编解码器: 未知
分类: 四川, 名称: 名山综合, 有效: 1, IPv4: 2, IPv6: 0, 最小延迟: 315 ms, 最高速率: 0.80 MiB/s, 平均速率: 0.80 MiB/s, 最高分辨率: 1920x1080, 平均帧率: 25.0, 视频编解码器: h264, 音频编解码器: aac
分类: 四川, 名称: 荥经综合, 有效: 1, IPv4: 1, IPv6: 0, 最小延迟: 443 ms, 最高速率: 0.81 MiB/s, 平均速率: 0.81 MiB/s, 最高分辨率: 1920x1080, 平均帧率: 未知, 视频编解码器: h264, 音频编解码器: aac
分类: 四川, 名称: 三台综合, 有效: 0, IPv4: 1, IPv6: 0, 最小延迟: 472 ms, 最高速率: 0.12 MiB/s, 平均速率: 0.00 MiB/s, 最高分辨率: —, 平均帧率: 未知, 视频编解码器: 未知, 音频编解码器: 未知
分类: 四川, 名称: 华蓥综合, 有效: 0, IPv4: 1, IPv6: 0, 最小延迟: — ms, 最高速率: 0.00 MiB/s, 平均速率: 0.00 MiB/s, 最高分辨率: —, 平均帧率: 未知, 视频编解码器: 未知, 音频编解码器: 未知
分类: 四川, 名称: 开江综合, 有效: 0, IPv4: 1, IPv6: 0, 最小延迟: — ms, 最高速率: 0.00 MiB/s, 平均速率: 0.00 MiB/s, 最高分辨率: —, 平均帧率: 未知, 视频编解码器: 未知, 音频编解码器: 未知
分类: 四川, 名称: 营山综合, 有效: 0, IPv4: 1, IPv6: 0, 最小延迟: 463 ms, 最高速率: 0.15 MiB/s, 平均速率: 0.00 MiB/s, 最高分辨率: —, 平均帧率: 未知, 视频编解码器: 未知, 音频编解码器: 未知
分类: 四川, 名称: 阆中综合, 有效: 1, IPv4: 1, IPv6: 0, 最小延迟: 1003 ms, 最高速率: 0.37 MiB/s, 平均速率: 0.37 MiB/s, 最高分辨率: 1280x720, 平均帧率: 25.0, 视频编解码器: h264, 音频编解码器: aac
分类: 四川, 名称: 金堂电视台, 有效: 1, IPv4: 3, IPv6: 0, 最小延迟: 318 ms, 最高速率: 1.33 MiB/s, 平均速率: 1.33 MiB/s, 最高分辨率: 1280x720, 平均帧率: 25.0, 视频编解码器: h264, 音频编解码器: aac
分类: 四川, 名称: 崇州综合, 有效: 1, IPv4: 1, IPv6: 0, 最小延迟: 349 ms, 最高速率: 0.86 MiB/s, 平均速率: 0.86 MiB/s, 最高分辨率: 1280x720, 平均帧率: 25.0, 视频编解码器: h264, 音频编解码器: aac
分类: 四川, 名称: 青川综合, 有效: 1, IPv4: 1, IPv6: 0, 最小延迟: 323 ms, 最高速率: 0.62 MiB/s, 平均速率: 0.62 MiB/s, 最高分辨率: 1920x1080, 平均帧率: 未知, 视频编解码器: h264, 音频编解码器: aac
分类: 四川, 名称: 安州综合, 有效: 0, IPv4: 1, IPv6: 0, 最小延迟: — ms, 最高速率: 0.00 MiB/s, 平均速率: 0.00 MiB/s, 最高分辨率: —, 平均帧率: 未知, 视频编解码器: 未知, 音频编解码器: 未知
分类: 四川, 名称: 峨眉山综合, 有效: 0, IPv4: 1, IPv6: 0, 最小延迟: — ms, 最高速率: 0.00 MiB/s, 平均速率: 0.00 MiB/s, 最高分辨率: —, 平均帧率: 未知, 视频编解码器: 未知, 音频编解码器: 未知
分类: 四川, 名称: 平武综合, 有效: 0, IPv4: 1, IPv6: 0, 最小延迟: — ms, 最高速率: 0.00 MiB/s, 平均速率: 0.00 MiB/s, 最高分辨率: —, 平均帧率: 未知, 视频编解码器: 未知, 音频编解码器: 未知
分类: 四川, 名称: 荣县综合, 有效: 0, IPv4: 1, IPv6: 0, 最小延迟: — ms, 最高速率: 0.00 MiB/s, 平均速率: 0.00 MiB/s, 最高分辨率: —, 平均帧率: 未知, 视频编解码器: 未知, 音频编解码器: 未知
分类: 四川, 名称: 什邡综合, 有效: 0, IPv4: 1, IPv6: 0, 最小延迟: — ms, 最高速率: 0.00 MiB/s, 平均速率: 0.00 MiB/s, 最高分辨率: —, 平均帧率: 未知, 视频编解码器: 未知, 音频编解码器: 未知
分类: 四川, 名称: 井研综合, 有效: 1, IPv4: 1, IPv6: 0, 最小延迟: 516 ms, 最高速率: 0.58 MiB/s, 平均速率: 0.58 MiB/s, 最高分辨率: 1920x1080, 平均帧率: 25.0, 视频编解码器: h264, 音频编解码器: aac
分类: 四川, 名称: 泸县综合, 有效: 0, IPv4: 1, IPv6: 0, 最小延迟: 851 ms, 最高速率: 0.29 MiB/s, 平均速率: 0.00 MiB/s, 最高分辨率: 1920x1080, 平均帧率: 未知, 视频编解码器: h264, 音频编解码器: aac
分类: 四川, 名称: 梓潼综合, 有效: 1, IPv4: 1, IPv6: 0, 最小延迟: 27 ms, 最高速率: 3.55 MiB/s, 平均速率: 3.55 MiB/s, 最高分辨率: 1280x720, 平均帧率: 25.0, 视频编解码器: h264, 音频编解码器: aac
分类: 四川, 名称: 广汉综合, 有效: 0, IPv4: 1, IPv6: 0, 最小延迟: — ms, 最高速率: 0.00 MiB/s, 平均速率: 0.00 MiB/s, 最高分辨率: —, 平均帧率: 未知, 视频编解码器: 未知, 音频编解码器: 未知
分类: 四川, 名称: 乐至综合, 有效: 2, IPv4: 4, IPv6: 0, 最小延迟: 197 ms, 最高速率: 0.95 MiB/s, 平均速率: 0.85 MiB/s, 最高分辨率: 1920x1080, 平均帧率: 25.0, 视频编解码器: h264, 音频编解码器: aac
分类: 四川, 名称: 剑阁综合, 有效: 0, IPv4: 1, IPv6: 0, 最小延迟: — ms, 最高速率: 0.00 MiB/s, 平均速率: 0.00 MiB/s, 最高分辨率: —, 平均帧率: 未知, 视频编解码器: 未知, 音频编解码器: 未知
分类: 四川, 名称: 夹江综合, 有效: 0, IPv4: 2, IPv6: 0, 最小延迟: 5310 ms, 最高速率: 0.00 MiB/s, 平均速率: 0.00 MiB/s, 最高分辨率: —, 平均帧率: 未知, 视频编解码器: 未知, 音频编解码器: 未知
分类: 四川, 名称: 沐川综合, 有效: 0, IPv4: 1, IPv6: 0, 最小延迟: 2974 ms, 最高速率: 0.00 MiB/s, 平均速率: 0.00 MiB/s, 最高分辨率: —, 平均帧率: 未知, 视频编解码器: 未知, 音频编解码器: 未知
分类: 四川, 名称: 峨边综合, 有效: 1, IPv4: 1, IPv6: 0, 最小延迟: 399 ms, 最高速率: 0.55 MiB/s, 平均速率: 0.55 MiB/s, 最高分辨率: 1920x1080, 平均帧率: 25.0, 视频编解码器: hevc, 音频编解码器: aac
分类: 四川, 名称: 叙州综合, 有效: 0, IPv4: 1, IPv6: 0, 最小延迟: — ms, 最高速率: 0.00 MiB/s, 平均速率: 0.00 MiB/s, 最高分辨率: —, 平均帧率: 未知, 视频编解码器: 未知, 音频编解码器: 未知
分类: 四川, 名称: 丹棱综合, 有效: 1, IPv4: 1, IPv6: 0, 最小延迟: 28 ms, 最高速率: 4.26 MiB/s, 平均速率: 4.26 MiB/s, 最高分辨率: 1280x720, 平均帧率: 25.0, 视频编解码器: h264, 音频编解码器: aac
分类: 四川, 名称: 仁寿综合, 有效: 0, IPv4: 2, IPv6: 0, 最小延迟: 739 ms, 最高速率: 0.32 MiB/s, 平均速率: 0.00 MiB/s, 最高分辨率: 1920x1080, 平均帧率: 25.0, 视频编解码器: h264, 音频编解码器: aac
分类: 四川, 名称: 南溪综合, 有效: 2, IPv4: 2, IPv6: 0, 最小延迟: 287 ms, 最高速率: 5.45 MiB/s, 平均速率: 3.51 MiB/s, 最高分辨率: 1280x720, 平均帧率: 30.0, 视频编解码器: h264, 音频编解码器: aac
分类: 四川, 名称: 青神综合, 有效: 0, IPv4: 2, IPv6: 0, 最小延迟: — ms, 最高速率: 0.00 MiB/s, 平均速率: 0.00 MiB/s, 最高分辨率: —, 平均帧率: 未知, 视频编解码器: 未知, 音频编解码器: 未知
分类: 四川, 名称: 长宁综合, 有效: 0, IPv4: 3, IPv6: 0, 最小延迟: — ms, 最高速率: 0.00 MiB/s, 平均速率: 0.00 MiB/s, 最高分辨率: —, 平均帧率: 未知, 视频编解码器: 未知, 音频编解码器: 未知
分类: 四川, 名称: 江安综合, 有效: 0, IPv4: 1, IPv6: 0, 最小延迟: 617 ms, 最高速率: 0.24 MiB/s, 平均速率: 0.00 MiB/s, 最高分辨率: 1920x1080, 平均帧率: 25.0, 视频编解码器: h264, 音频编解码器: aac
分类: 四川, 名称: 筠连综合, 有效: 0, IPv4: 2, IPv6: 0, 最小延迟: 435 ms, 最高速率: 0.34 MiB/s, 平均速率: 0.00 MiB/s, 最高分辨率: 1920x1080, 平均帧率: 25.0, 视频编解码器: h264, 音频编解码器: aac
分类: 四川, 名称: 武胜综合, 有效: 1, IPv4: 1, IPv6: 0, 最小延迟: 28 ms, 最高速率: 4.50 MiB/s, 平均速率: 4.50 MiB/s, 最高分辨率: 1920x1080, 平均帧率: 50.0, 视频编解码器: h264, 音频编解码器: aac
分类: 四川, 名称: 南江综合, 有效: 0, IPv4: 1, IPv6: 0, 最小延迟: — ms, 最高速率: 0.00 MiB/s, 平均速率: 0.00 MiB/s, 最高分辨率: —, 平均帧率: 未知, 视频编解码器: 未知, 音频编解码器: 未知
分类: 四川, 名称: 宝兴综合, 有效: 0, IPv4: 1, IPv6: 0, 最小延迟: 416 ms, 最高速率: 0.39 MiB/s, 平均速率: 0.00 MiB/s, 最高分辨率: 1920x1080, 平均帧率: 未知, 视频编解码器: h264, 音频编解码器: aac
分类: 四川, 名称: 天全综合, 有效: 1, IPv4: 1, IPv6: 0, 最小延迟: 528 ms, 最高速率: 0.31 MiB/s, 平均速率: 0.31 MiB/s, 最高分辨率: 1280x720, 平均帧率: 25.0, 视频编解码器: h264, 音频编解码器: aac
分类: 四川, 名称: 邻水综合, 有效: 1, IPv4: 1, IPv6: 0, 最小延迟: 26 ms, 最高速率: 3.08 MiB/s, 平均速率: 3.08 MiB/s, 最高分辨率: 1280x720, 平均帧率: 25.0, 视频编解码器: h264, 音频编解码器: aac
分类: 四川, 名称: 宁南综合, 有效: 1, IPv4: 1, IPv6: 0, 最小延迟: 28 ms, 最高速率: 2.97 MiB/s, 平均速率: 2.97 MiB/s, 最高分辨率: 1920x1080, 平均帧率: 25.0, 视频编解码器: h264, 音频编解码器: aac
分类: 四川, 名称: 汉源综合, 有效: 0, IPv4: 1, IPv6: 0, 最小延迟: — ms, 最高速率: 0.00 MiB/s, 平均速率: 0.00 MiB/s, 最高分辨率: —, 平均帧率: 未知, 视频编解码器: 未知, 音频编解码器: 未知
分类: 四川, 名称: 甘洛综合, 有效: 1, IPv4: 1, IPv6: 0, 最小延迟: 28 ms, 最高速率: 3.81 MiB/s, 平均速率: 3.81 MiB/s, 最高分辨率: 1280x720, 平均帧率: 25.0, 视频编解码器: h264, 音频编解码器: 未知
分类: 四川, 名称: 西昌综合, 有效: 0, IPv4: 1, IPv6: 0, 最小延迟: — ms, 最高速率: 0.00 MiB/s, 平均速率: 0.00 MiB/s, 最高分辨率: —, 平均帧率: 未知, 视频编解码器: 未知, 音频编解码器: 未知
分类: 四川, 名称: 普格综合, 有效: 0, IPv4: 1, IPv6: 0, 最小延迟: — ms, 最高速率: 0.00 MiB/s, 平均速率: 0.00 MiB/s, 最高分辨率: —, 平均帧率: 未知, 视频编解码器: 未知, 音频编解码器: 未知
分类: 四川, 名称: 金川综合, 有效: 0, IPv4: 1, IPv6: 0, 最小延迟: 470 ms, 最高速率: 0.00 MiB/s, 平均速率: 0.00 MiB/s, 最高分辨率: —, 平均帧率: 未知, 视频编解码器: 未知, 音频编解码器: 未知
分类: 四川, 名称: 石棉综合, 有效: 0, IPv4: 3, IPv6: 0, 最小延迟: 562 ms, 最高速率: 0.24 MiB/s, 平均速率: 0.00 MiB/s, 最高分辨率: 1920x1080, 平均帧率: 未知, 视频编解码器: h264, 音频编解码器: aac
分类: 四川, 名称: 隆昌综合, 有效: 1, IPv4: 1, IPv6: 0, 最小延迟: 28 ms, 最高速率: 3.98 MiB/s, 平均速率: 3.98 MiB/s, 最高分辨率: 1920x1080, 平均帧率: 25.0, 视频编解码器: h264, 音频编解码器: aac
分类: 四川, 名称: 昭化综合, 有效: 0, IPv4: 2, IPv6: 0, 最小延迟: — ms, 最高速率: 0.00 MiB/s, 平均速率: 0.00 MiB/s, 最高分辨率: —, 平均帧率: 未知, 视频编解码器: 未知, 音频编解码器: 未知
分类: 四川, 名称: 安岳综合, 有效: 0, IPv4: 1, IPv6: 0, 最小延迟: — ms, 最高速率: 0.00 MiB/s, 平均速率: 0.00 MiB/s, 最高分辨率: —, 平均帧率: 未知, 视频编解码器: 未知, 音频编解码器: 未知
分类: 四川, 名称: 威远综合, 有效: 0, IPv4: 1, IPv6: 0, 最小延迟: — ms, 最高速率: 0.00 MiB/s, 平均速率: 0.00 MiB/s, 最高分辨率: —, 平均帧率: 未知, 视频编解码器: 未知, 音频编解码器: 未知
分类: 四川, 名称: 资中综合, 有效: 1, IPv4: 1, IPv6: 0, 最小延迟: 27 ms, 最高速率: 4.61 MiB/s, 平均速率: 4.61 MiB/s, 最高分辨率: 1920x1080, 平均帧率: 25.0, 视频编解码器: h264, 音频编解码器: aac
分类: 四川, 名称: 小金综合, 有效: 0, IPv4: 1, IPv6: 0, 最小延迟: — ms, 最高速率: 0.00 MiB/s, 平均速率: 0.00 MiB/s, 最高分辨率: —, 平均帧率: 未知, 视频编解码器: 未知, 音频编解码器: 未知
分类: 四川, 名称: 朝天综合, 有效: 0, IPv4: 1, IPv6: 0, 最小延迟: — ms, 最高速率: 0.00 MiB/s, 平均速率: 0.00 MiB/s, 最高分辨率: —, 平均帧率: 未知, 视频编解码器: 未知, 音频编解码器: 未知
分类: 陕西, 名称: 陕西银龄, 有效: 0, IPv4: 8, IPv6: 0, 最小延迟: 291 ms, 最高速率: 0.04 MiB/s, 平均速率: 0.00 MiB/s, 最高分辨率: —, 平均帧率: 未知, 视频编解码器: 未知, 音频编解码器: 未知
分类: 陕西, 名称: 陕西都市青春, 有效: 0, IPv4: 1, IPv6: 0, 最小延迟: 428 ms, 最高速率: 0.05 MiB/s, 平均速率: 0.00 MiB/s, 最高分辨率: —, 平均帧率: 未知, 视频编解码器: 未知, 音频编解码器: 未知
分类: 陕西, 名称: 陕西秦腔, 有效: 0, IPv4: 9, IPv6: 0, 最小延迟: 292 ms, 最高速率: 0.06 MiB/s, 平均速率: 0.00 MiB/s, 最高分辨率: —, 平均帧率: 未知, 视频编解码器: 未知, 音频编解码器: 未知
分类: 陕西, 名称: 农林卫视, 有效: 0, IPv4: 14, IPv6: 0, 最小延迟: 282 ms, 最高速率: 0.39 MiB/s, 平均速率: 0.00 MiB/s, 最高分辨率: 720x576, 平均帧率: 25.0, 视频编解码器: mpeg2video, 音频编解码器: mp2
分类: 陕西, 名称: 陕西体育休闲, 有效: 0, IPv4: 1, IPv6: 0, 最小延迟: — ms, 最高速率: 0.00 MiB/s, 平均速率: 0.00 MiB/s, 最高分辨率: —, 平均帧率: 未知, 视频编解码器: 未知, 音频编解码器: 未知
分类: 陕西, 名称: 陕西西部电影, 有效: 0, IPv4: 1, IPv6: 0, 最小延迟: — ms, 最高速率: 0.00 MiB/s, 平均速率: 0.00 MiB/s, 最高分辨率: —, 平均帧率: 未知, 视频编解码器: 未知, 音频编解码器: 未知
分类: 陕西, 名称: 西安新闻综合, 有效: 0, IPv4: 2, IPv6: 0, 最小延迟: — ms, 最高速率: 0.00 MiB/s, 平均速率: 0.00 MiB/s, 最高分辨率: —, 平均帧率: 未知, 视频编解码器: 未知, 音频编解码器: 未知
分类: 陕西, 名称: 西安都市, 有效: 0, IPv4: 4, IPv6: 0, 最小延迟: 313 ms, 最高速率: 0.05 MiB/s, 平均速率: 0.00 MiB/s, 最高分辨率: —, 平均帧率: 未知, 视频编解码器: 未知, 音频编解码器: 未知
分类: 陕西, 名称: 西安戏剧影视, 有效: 0, IPv4: 3, IPv6: 0, 最小延迟: — ms, 最高速率: 0.00 MiB/s, 平均速率: 0.00 MiB/s, 最高分辨率: —, 平均帧率: 未知, 视频编解码器: 未知, 音频编解码器: 未知
分类: 陕西, 名称: 西安丝路, 有效: 0, IPv4: 3, IPv6: 0, 最小延迟: — ms, 最高速率: 0.00 MiB/s, 平均速率: 0.00 MiB/s, 最高分辨率: —, 平均帧率: 未知, 视频编解码器: 未知, 音频编解码器: 未知
分类: 陕西, 名称: 西安移动电视, 有效: 0, IPv4: 3, IPv6: 0, 最小延迟: — ms, 最高速率: 0.00 MiB/s, 平均速率: 0.00 MiB/s, 最高分辨率: —, 平均帧率: 未知, 视频编解码器: 未知, 音频编解码器: 未知
分类: 陕西, 名称: 安康综合, 有效: 0, IPv4: 1, IPv6: 0, 最小延迟: — ms, 最高速率: 0.00 MiB/s, 平均速率: 0.00 MiB/s, 最高分辨率: —, 平均帧率: 未知, 视频编解码器: 未知, 音频编解码器: 未知
分类: 陕西, 名称: 安康民生, 有效: 0, IPv4: 1, IPv6: 0, 最小延迟: — ms, 最高速率: 0.00 MiB/s, 平均速率: 0.00 MiB/s, 最高分辨率: —, 平均帧率: 未知, 视频编解码器: 未知, 音频编解码器: 未知
分类: 陕西, 名称: 镇安综合, 有效: 0, IPv4: 1, IPv6: 0, 最小延迟: — ms, 最高速率: 0.00 MiB/s, 平均速率: 0.00 MiB/s, 最高分辨率: —, 平均帧率: 未知, 视频编解码器: 未知, 音频编解码器: 未知
分类: 陕西, 名称: 延安综合, 有效: 0, IPv4: 2, IPv6: 0, 最小延迟: — ms, 最高速率: 0.00 MiB/s, 平均速率: 0.00 MiB/s, 最高分辨率: —, 平均帧率: 未知, 视频编解码器: 未知, 音频编解码器: 未知
分类: 福建, 名称: 福建综合, 有效: 0, IPv4: 1, IPv6: 0, 最小延迟: — ms, 最高速率: 0.00 MiB/s, 平均速率: 0.00 MiB/s, 最高分辨率: —, 平均帧率: 未知, 视频编解码器: 未知, 音频编解码器: 未知
分类: 福建, 名称: 福建新闻, 有效: 1, IPv4: 2, IPv6: 0, 最小延迟: 31 ms, 最高速率: 1.33 MiB/s, 平均速率: 1.33 MiB/s, 最高分辨率: —, 平均帧率: 未知, 视频编解码器: 未知, 音频编解码器: aac
分类: 福建, 名称: 福建电视剧, 有效: 0, IPv4: 1, IPv6: 0, 最小延迟: — ms, 最高速率: 0.00 MiB/s, 平均速率: 0.00 MiB/s, 最高分辨率: —, 平均帧率: 未知, 视频编解码器: 未知, 音频编解码器: 未知
分类: 福建, 名称: 福建公共, 有效: 1, IPv4: 1, IPv6: 0, 最小延迟: 98 ms, 最高速率: 25.86 MiB/s, 平均速率: 25.86 MiB/s, 最高分辨率: 1920x1080, 平均帧率: 30.0, 视频编解码器: h264, 音频编解码器: aac
分类: 福建, 名称: 福建旅游, 有效: 4, IPv4: 8, IPv6: 0, 最小延迟: 100 ms, 最高速率: 23.55 MiB/s, 平均速率: 17.92 MiB/s, 最高分辨率: 1920x1080, 平均帧率: 30.0, 视频编解码器: h264, 音频编解码器: aac
分类: 福建, 名称: 福建经济, 有效: 1, IPv4: 2, IPv6: 0, 最小延迟: 28 ms, 最高速率: 2.10 MiB/s, 平均速率: 2.10 MiB/s, 最高分辨率: —, 平均帧率: 未知, 视频编解码器: 未知, 音频编解码器: aac
分类: 福建, 名称: 福建文体, 有效: 0, IPv4: 1, IPv6: 0, 最小延迟: — ms, 最高速率: 0.00 MiB/s, 平均速率: 0.00 MiB/s, 最高分辨率: —, 平均帧率: 未知, 视频编解码器: 未知, 音频编解码器: 未知
分类: 福建, 名称: 福建少儿, 有效: 0, IPv4: 1, IPv6: 0, 最小延迟: — ms, 最高速率: 0.00 MiB/s, 平均速率: 0.00 MiB/s, 最高分辨率: —, 平均帧率: 未知, 视频编解码器: 未知, 音频编解码器: 未知
分类: 福建, 名称: 福建教育, 有效: 2, IPv4: 3, IPv6: 0, 最小延迟: 88 ms, 最高速率: 28.07 MiB/s, 平均速率: 25.63 MiB/s, 最高分辨率: 1920x1080, 平均帧率: 30.0, 视频编解码器: h264, 音频编解码器: aac
分类: 福建, 名称: 海峡卫视, 有效: 3, IPv4: 21, IPv6: 0, 最小延迟: 42 ms, 最高速率: 4.28 MiB/s, 平均速率: 1.92 MiB/s, 最高分辨率: 1920x1080, 平均帧率: 27.49, 视频编解码器: h264, 音频编解码器: aac
分类: 福建, 名称: 厦门卫视, 有效: 0, IPv4: 10, IPv6: 0, 最小延迟: 26 ms, 最高速率: 32.68 MiB/s, 平均速率: 0.00 MiB/s, 最高分辨率: 1920x1080, 平均帧率: 30.0, 视频编解码器: h264, 音频编解码器: aac
分类: 福建, 名称: 龙岩综合, 有效: 0, IPv4: 2, IPv6: 0, 最小延迟: — ms, 最高速率: 0.00 MiB/s, 平均速率: 0.00 MiB/s, 最高分辨率: —, 平均帧率: 未知, 视频编解码器: 未知, 音频编解码器: 未知
分类: 福建, 名称: 漳州新闻综合, 有效: 0, IPv4: 2, IPv6: 0, 最小延迟: — ms, 最高速率: 0.00 MiB/s, 平均速率: 0.00 MiB/s, 最高分辨率: —, 平均帧率: 未知, 视频编解码器: 未知, 音频编解码器: 未知
分类: 福建, 名称: 泉州新闻综合, 有效: 0, IPv4: 1, IPv6: 0, 最小延迟: — ms, 最高速率: 0.00 MiB/s, 平均速率: 0.00 MiB/s, 最高分辨率: —, 平均帧率: 未知, 视频编解码器: 未知, 音频编解码器: 未知
分类: 福建, 名称: 福州新闻综合, 有效: 0, IPv4: 1, IPv6: 0, 最小延迟: — ms, 最高速率: 0.00 MiB/s, 平均速率: 0.00 MiB/s, 最高分辨率: —, 平均帧率: 未知, 视频编解码器: 未知, 音频编解码器: 未知
分类: 福建, 名称: 三明综合, 有效: 0, IPv4: 2, IPv6: 0, 最小延迟: — ms, 最高速率: 0.00 MiB/s, 平均速率: 0.00 MiB/s, 最高分辨率: —, 平均帧率: 未知, 视频编解码器: 未知, 音频编解码器: 未知
分类: 福建, 名称: 南平综合, 有效: 0, IPv4: 2, IPv6: 0, 最小延迟: — ms, 最高速率: 0.00 MiB/s, 平均速率: 0.00 MiB/s, 最高分辨率: —, 平均帧率: 未知, 视频编解码器: 未知, 音频编解码器: 未知
分类: 福建, 名称: 宁德新闻综合, 有效: 0, IPv4: 1, IPv6: 0, 最小延迟: — ms, 最高速率: 0.00 MiB/s, 平均速率: 0.00 MiB/s, 最高分辨率: —, 平均帧率: 未知, 视频编解码器: 未知, 音频编解码器: 未知
分类: 福建, 名称: 平潭综合, 有效: 0, IPv4: 1, IPv6: 0, 最小延迟: — ms, 最高速率: 0.00 MiB/s, 平均速率: 0.00 MiB/s, 最高分辨率: —, 平均帧率: 未知, 视频编解码器: 未知, 音频编解码器: 未知
分类: 福建, 名称: 建宁综合, 有效: 0, IPv4: 3, IPv6: 0, 最小延迟: 974 ms, 最高速率: 0.24 MiB/s, 平均速率: 0.00 MiB/s, 最高分辨率: 1920x1080, 平均帧率: 50.0, 视频编解码器: h264, 音频编解码器: aac
分类: 福建, 名称: 德化综合, 有效: 0, IPv4: 1, IPv6: 0, 最小延迟: 554 ms, 最高速率: 0.14 MiB/s, 平均速率: 0.00 MiB/s, 最高分辨率: —, 平均帧率: 未知, 视频编解码器: 未知, 音频编解码器: 未知
分类: 福建, 名称: 武夷山综合, 有效: 0, IPv4: 1, IPv6: 0, 最小延迟: — ms, 最高速率: 0.00 MiB/s, 平均速率: 0.00 MiB/s, 最高分辨率: —, 平均帧率: 未知, 视频编解码器: 未知, 音频编解码器: 未知
分类: 福建, 名称: 宁化综合, 有效: 0, IPv4: 1, IPv6: 0, 最小延迟: — ms, 最高速率: 0.00 MiB/s, 平均速率: 0.00 MiB/s, 最高分辨率: —, 平均帧率: 未知, 视频编解码器: 未知, 音频编解码器: 未知
分类: 福建, 名称: 漳浦综合, 有效: 0, IPv4: 2, IPv6: 0, 最小延迟: — ms, 最高速率: 0.00 MiB/s, 平均速率: 0.00 MiB/s, 最高分辨率: —, 平均帧率: 未知, 视频编解码器: 未知, 音频编解码器: 未知
分类: 福建, 名称: 邵武综合, 有效: 0, IPv4: 1, IPv6: 0, 最小延迟: 330 ms, 最高速率: 0.44 MiB/s, 平均速率: 0.00 MiB/s, 最高分辨率: 1920x1080, 平均帧率: 25.0, 视频编解码器: h264, 音频编解码器: aac
分类: 福建, 名称: 晋江综合, 有效: 1, IPv4: 1, IPv6: 0, 最小延迟: 426 ms, 最高速率: 0.41 MiB/s, 平均速率: 0.41 MiB/s, 最高分辨率: 1280x720, 平均帧率: 25.0, 视频编解码器: h264, 音频编解码器: aac
分类: 福建, 名称: 石狮综合, 有效: 0, IPv4: 1, IPv6: 0, 最小延迟: 359 ms, 最高速率: 0.34 MiB/s, 平均速率: 0.00 MiB/s, 最高分辨率: 1920x1080, 平均帧率: 25.0, 视频编解码器: h264, 音频编解码器: aac
分类: 海南, 名称: 海南文旅, 有效: 0, IPv4: 1, IPv6: 0, 最小延迟: — ms, 最高速率: 0.00 MiB/s, 平均速率: 0.00 MiB/s, 最高分辨率: —, 平均帧率: 未知, 视频编解码器: 未知, 音频编解码器: 未知
分类: 海南, 名称: 海南社会与法, 有效: 0, IPv4: 1, IPv6: 0, 最小延迟: — ms, 最高速率: 0.00 MiB/s, 平均速率: 0.00 MiB/s, 最高分辨率: —, 平均帧率: 未知, 视频编解码器: 未知, 音频编解码器: 未知
分类: 海南, 名称: 海南少儿, 有效: 0, IPv4: 1, IPv6: 0, 最小延迟: — ms, 最高速率: 0.00 MiB/s, 平均速率: 0.00 MiB/s, 最高分辨率: —, 平均帧率: 未知, 视频编解码器: 未知, 音频编解码器: 未知
分类: 海南, 名称: 海南新闻, 有效: 0, IPv4: 1, IPv6: 0, 最小延迟: — ms, 最高速率: 0.00 MiB/s, 平均速率: 0.00 MiB/s, 最高分辨率: —, 平均帧率: 未知, 视频编解码器: 未知, 音频编解码器: 未知
分类: 海南, 名称: 海南自贸, 有效: 0, IPv4: 1, IPv6: 0, 最小延迟: — ms, 最高速率: 0.00 MiB/s, 平均速率: 0.00 MiB/s, 最高分辨率: —, 平均帧率: 未知, 视频编解码器: 未知, 音频编解码器: 未知
分类: 海南, 名称: 海口生活娱乐, 有效: 0, IPv4: 1, IPv6: 0, 最小延迟: — ms, 最高速率: 0.00 MiB/s, 平均速率: 0.00 MiB/s, 最高分辨率: —, 平均帧率: 未知, 视频编解码器: 未知, 音频编解码器: 未知
分类: 海南, 名称: 海口城乡经济, 有效: 0, IPv4: 1, IPv6: 0, 最小延迟: 1282 ms, 最高速率: 0.04 MiB/s, 平均速率: 0.00 MiB/s, 最高分辨率: —, 平均帧率: 未知, 视频编解码器: 未知, 音频编解码器: 未知
分类: 海南, 名称: 海口综合, 有效: 0, IPv4: 1, IPv6: 0, 最小延迟: — ms, 最高速率: 0.00 MiB/s, 平均速率: 0.00 MiB/s, 最高分辨率: —, 平均帧率: 未知, 视频编解码器: 未知, 音频编解码器: 未知
分类: 河南, 名称: 河南都市, 有效: 1, IPv4: 2, IPv6: 0, 最小延迟: 27 ms, 最高速率: 3.49 MiB/s, 平均速率: 3.49 MiB/s, 最高分辨率: 1920x1080, 平均帧率: 25.0, 视频编解码器: h264, 音频编解码器: aac
分类: 河南, 名称: 河南民生, 有效: 0, IPv4: 1, IPv6: 0, 最小延迟: 447 ms, 最高速率: 0.00 MiB/s, 平均速率: 0.00 MiB/s, 最高分辨率: —, 平均帧率: 未知, 视频编解码器: 未知, 音频编解码器: 未知
分类: 河南, 名称: 河南法治, 有效: 1, IPv4: 10, IPv6: 0, 最小延迟: 26 ms, 最高速率: 2.80 MiB/s, 平均速率: 2.80 MiB/s, 最高分辨率: 1920x1080, 平均帧率: 25.0, 视频编解码器: h264, 音频编解码器: aac
分类: 河南, 名称: 河南电视剧, 有效: 1, IPv4: 9, IPv6: 0, 最小延迟: 26 ms, 最高速率: 3.56 MiB/s, 平均速率: 3.56 MiB/s, 最高分辨率: 1920x1080, 平均帧率: 25.0, 视频编解码器: h264, 音频编解码器: aac
分类: 河南, 名称: 河南新闻, 有效: 1, IPv4: 10, IPv6: 0, 最小延迟: 26 ms, 最高速率: 3.76 MiB/s, 平均速率: 3.76 MiB/s, 最高分辨率: 1920x1080, 平均帧率: 25.0, 视频编解码器: h264, 音频编解码器: aac
分类: 河南, 名称: 河南公共, 有效: 1, IPv4: 8, IPv6: 0, 最小延迟: 26 ms, 最高速率: 3.23 MiB/s, 平均速率: 3.23 MiB/s, 最高分辨率: 1920x1080, 平均帧率: 25.0, 视频编解码器: h264, 音频编解码器: aac
分类: 河南, 名称: 河南乡村, 有效: 1, IPv4: 12, IPv6: 0, 最小延迟: 26 ms, 最高速率: 2.87 MiB/s, 平均速率: 2.87 MiB/s, 最高分辨率: 1920x1080, 平均帧率: 25.0, 视频编解码器: h264, 音频编解码器: aac
分类: 河南, 名称: 梨园频道, 有效: 1, IPv4: 3, IPv6: 0, 最小延迟: 386 ms, 最高速率: 0.58 MiB/s, 平均速率: 0.58 MiB/s, 最高分辨率: 1920x1080, 平均帧率: 25.0, 视频编解码器: h264, 音频编解码器: aac
分类: 河南, 名称: 武术世界, 有效: 1, IPv4: 12, IPv6: 0, 最小延迟: 355 ms, 最高速率: 1.54 MiB/s, 平均速率: 1.54 MiB/s, 最高分辨率: 1920x1080, 平均帧率: 25.0, 视频编解码器: h264, 音频编解码器: aac
分类: 河南, 名称: 文物宝库, 有效: 3, IPv4: 7, IPv6: 0, 最小延迟: 188 ms, 最高速率: 5.88 MiB/s, 平均速率: 4.55 MiB/s, 最高分辨率: 1920x1080, 平均帧率: 25.0, 视频编解码器: h264, 音频编解码器: aac
分类: 河南, 名称: 国学频道, 有效: 2, IPv4: 4, IPv6: 0, 最小延迟: 40 ms, 最高速率: 10.86 MiB/s, 平均速率: 10.82 MiB/s, 最高分辨率: 1920x1080, 平均帧率: 25.0, 视频编解码器: h264, 音频编解码器: aac
分类: 河南, 名称: 郑州新闻综合, 有效: 0, IPv4: 2, IPv6: 0, 最小延迟: — ms, 最高速率: 0.00 MiB/s, 平均速率: 0.00 MiB/s, 最高分辨率: —, 平均帧率: 未知, 视频编解码器: 未知, 音频编解码器: 未知
分类: 河南, 名称: 郑州都市生活, 有效: 0, IPv4: 2, IPv6: 0, 最小延迟: — ms, 最高速率: 0.00 MiB/s, 平均速率: 0.00 MiB/s, 最高分辨率: —, 平均帧率: 未知, 视频编解码器: 未知, 音频编解码器: 未知
分类: 河南, 名称: 郑州商都, 有效: 0, IPv4: 1, IPv6: 0, 最小延迟: — ms, 最高速率: 0.00 MiB/s, 平均速率: 0.00 MiB/s, 最高分辨率: —, 平均帧率: 未知, 视频编解码器: 未知, 音频编解码器: 未知
分类: 河南, 名称: 南阳科教, 有效: 0, IPv4: 1, IPv6: 0, 最小延迟: — ms, 最高速率: 0.00 MiB/s, 平均速率: 0.00 MiB/s, 最高分辨率: —, 平均帧率: 未知, 视频编解码器: 未知, 音频编解码器: 未知
分类: 河南, 名称: 郑州文体旅游, 有效: 0, IPv4: 1, IPv6: 0, 最小延迟: — ms, 最高速率: 0.00 MiB/s, 平均速率: 0.00 MiB/s, 最高分辨率: —, 平均帧率: 未知, 视频编解码器: 未知, 音频编解码器: 未知
分类: 河南, 名称: 郑州豫剧, 有效: 0, IPv4: 1, IPv6: 0, 最小延迟: — ms, 最高速率: 0.00 MiB/s, 平均速率: 0.00 MiB/s, 最高分辨率: —, 平均帧率: 未知, 视频编解码器: 未知, 音频编解码器: 未知
分类: 河南, 名称: 开封新闻综合, 有效: 0, IPv4: 3, IPv6: 0, 最小延迟: — ms, 最高速率: 0.00 MiB/s, 平均速率: 0.00 MiB/s, 最高分辨率: —, 平均帧率: 未知, 视频编解码器: 未知, 音频编解码器: 未知
分类: 河南, 名称: 郑州教育, 有效: 1, IPv4: 1, IPv6: 0, 最小延迟: 328 ms, 最高速率: 0.78 MiB/s, 平均速率: 0.78 MiB/s, 最高分辨率: 1280x720, 平均帧率: 25.0, 视频编解码器: h264, 音频编解码器: aac
分类: 河南, 名称: 信阳文旅, 有效: 0, IPv4: 1, IPv6: 0, 最小延迟: — ms, 最高速率: 0.00 MiB/s, 平均速率: 0.00 MiB/s, 最高分辨率: —, 平均帧率: 未知, 视频编解码器: 未知, 音频编解码器: 未知
分类: 河南, 名称: 开封文化旅游, 有效: 0, IPv4: 3, IPv6: 0, 最小延迟: — ms, 最高速率: 0.00 MiB/s, 平均速率: 0.00 MiB/s, 最高分辨率: —, 平均帧率: 未知, 视频编解码器: 未知, 音频编解码器: 未知
分类: 河南, 名称: 安阳新闻综合, 有效: 0, IPv4: 12, IPv6: 0, 最小延迟: — ms, 最高速率: 0.00 MiB/s, 平均速率: 0.00 MiB/s, 最高分辨率: —, 平均帧率: 未知, 视频编解码器: 未知, 音频编解码器: 未知
分类: 河南, 名称: 郑州妇女儿童, 有效: 0, IPv4: 1, IPv6: 0, 最小延迟: — ms, 最高速率: 0.00 MiB/s, 平均速率: 0.00 MiB/s, 最高分辨率: —, 平均帧率: 未知, 视频编解码器: 未知, 音频编解码器: 未知
分类: 河南, 名称: 濮阳新闻综合, 有效: 1, IPv4: 1, IPv6: 0, 最小延迟: 379 ms, 最高速率: 1.29 MiB/s, 平均速率: 1.29 MiB/s, 最高分辨率: 1920x1080, 平均帧率: 25.0, 视频编解码器: h264, 音频编解码器: aac
分类: 河南, 名称: 濮阳公共, 有效: 0, IPv4: 1, IPv6: 0, 最小延迟: — ms, 最高速率: 0.00 MiB/s, 平均速率: 0.00 MiB/s, 最高分辨率: —, 平均帧率: 未知, 视频编解码器: 未知, 音频编解码器: 未知
分类: 河南, 名称: 安阳文旅, 有效: 0, IPv4: 1, IPv6: 0, 最小延迟: — ms, 最高速率: 0.00 MiB/s, 平均速率: 0.00 MiB/s, 最高分辨率: —, 平均帧率: 未知, 视频编解码器: 未知, 音频编解码器: 未知
分类: 河南, 名称: 焦作综合, 有效: 0, IPv4: 1, IPv6: 0, 最小延迟: — ms, 最高速率: 0.00 MiB/s, 平均速率: 0.00 MiB/s, 最高分辨率: —, 平均帧率: 未知, 视频编解码器: 未知, 音频编解码器: 未知
分类: 河南, 名称: 焦作文旅, 有效: 0, IPv4: 1, IPv6: 0, 最小延迟: — ms, 最高速率: 0.00 MiB/s, 平均速率: 0.00 MiB/s, 最高分辨率: —, 平均帧率: 未知, 视频编解码器: 未知, 音频编解码器: 未知
分类: 河南, 名称: 鹤壁新闻综合, 有效: 0, IPv4: 3, IPv6: 0, 最小延迟: — ms, 最高速率: 0.00 MiB/s, 平均速率: 0.00 MiB/s, 最高分辨率: —, 平均帧率: 未知, 视频编解码器: 未知, 音频编解码器: 未知
分类: 河南, 名称: 平顶山新闻综合, 有效: 0, IPv4: 1, IPv6: 0, 最小延迟: — ms, 最高速率: 0.00 MiB/s, 平均速率: 0.00 MiB/s, 最高分辨率: —, 平均帧率: 未知, 视频编解码器: 未知, 音频编解码器: 未知
分类: 河南, 名称: 平顶山公共, 有效: 0, IPv4: 1, IPv6: 0, 最小延迟: — ms, 最高速率: 0.00 MiB/s, 平均速率: 0.00 MiB/s, 最高分辨率: —, 平均帧率: 未知, 视频编解码器: 未知, 音频编解码器: 未知
分类: 河南, 名称: 新乡县综合, 有效: 0, IPv4: 2, IPv6: 0, 最小延迟: — ms, 最高速率: 0.00 MiB/s, 平均速率: 0.00 MiB/s, 最高分辨率: —, 平均帧率: 未知, 视频编解码器: 未知, 音频编解码器: 未知
分类: 河南, 名称: 平顶山城市, 有效: 0, IPv4: 1, IPv6: 0, 最小延迟: — ms, 最高速率: 0.00 MiB/s, 平均速率: 0.00 MiB/s, 最高分辨率: —, 平均帧率: 未知, 视频编解码器: 未知, 音频编解码器: 未知
分类: 河南, 名称: 长垣综合, 有效: 0, IPv4: 2, IPv6: 0, 最小延迟: — ms, 最高速率: 0.00 MiB/s, 平均速率: 0.00 MiB/s, 最高分辨率: —, 平均帧率: 未知, 视频编解码器: 未知, 音频编解码器: 未知
分类: 河南, 名称: 平顶山教育, 有效: 0, IPv4: 2, IPv6: 0, 最小延迟: 5060 ms, 最高速率: 0.00 MiB/s, 平均速率: 0.00 MiB/s, 最高分辨率: —, 平均帧率: 未知, 视频编解码器: 未知, 音频编解码器: 未知
分类: 河南, 名称: 鹿邑综合, 有效: 0, IPv4: 2, IPv6: 0, 最小延迟: — ms, 最高速率: 0.00 MiB/s, 平均速率: 0.00 MiB/s, 最高分辨率: —, 平均帧率: 未知, 视频编解码器: 未知, 音频编解码器: 未知
分类: 河南, 名称: 镇平新闻综合, 有效: 0, IPv4: 2, IPv6: 0, 最小延迟: — ms, 最高速率: 0.00 MiB/s, 平均速率: 0.00 MiB/s, 最高分辨率: —, 平均帧率: 未知, 视频编解码器: 未知, 音频编解码器: 未知
分类: 河南, 名称: 驻马店新闻综合, 有效: 1, IPv4: 1, IPv6: 0, 最小延迟: 736 ms, 最高速率: 1.56 MiB/s, 平均速率: 1.56 MiB/s, 最高分辨率: 1920x1080, 平均帧率: 25.0, 视频编解码器: h264, 音频编解码器: aac
分类: 河南, 名称: 方城综合, 有效: 0, IPv4: 2, IPv6: 0, 最小延迟: — ms, 最高速率: 0.00 MiB/s, 平均速率: 0.00 MiB/s, 最高分辨率: —, 平均帧率: 未知, 视频编解码器: 未知, 音频编解码器: 未知
分类: 河南, 名称: 驻马店公共, 有效: 1, IPv4: 1, IPv6: 0, 最小延迟: 546 ms, 最高速率: 2.47 MiB/s, 平均速率: 2.47 MiB/s, 最高分辨率: 1920x1080, 平均帧率: 25.0, 视频编解码器: h264, 音频编解码器: aac
分类: 河南, 名称: 封丘新闻综合, 有效: 0, IPv4: 2, IPv6: 0, 最小延迟: — ms, 最高速率: 0.00 MiB/s, 平均速率: 0.00 MiB/s, 最高分辨率: —, 平均帧率: 未知, 视频编解码器: 未知, 音频编解码器: 未知
分类: 河南, 名称: 驻马店科教, 有效: 1, IPv4: 1, IPv6: 0, 最小延迟: 608 ms, 最高速率: 2.50 MiB/s, 平均速率: 2.50 MiB/s, 最高分辨率: 1920x1080, 平均帧率: 25.0, 视频编解码器: h264, 音频编解码器: aac
分类: 河南, 名称: 偃师新闻, 有效: 0, IPv4: 3, IPv6: 0, 最小延迟: — ms, 最高速率: 0.00 MiB/s, 平均速率: 0.00 MiB/s, 最高分辨率: —, 平均帧率: 未知, 视频编解码器: 未知, 音频编解码器: 未知
分类: 河南, 名称: 巩义综合, 有效: 0, IPv4: 2, IPv6: 0, 最小延迟: — ms, 最高速率: 0.00 MiB/s, 平均速率: 0.00 MiB/s, 最高分辨率: —, 平均帧率: 未知, 视频编解码器: 未知, 音频编解码器: 未知
分类: 河南, 名称: 新郑综合, 有效: 0, IPv4: 2, IPv6: 0, 最小延迟: — ms, 最高速率: 0.00 MiB/s, 平均速率: 0.00 MiB/s, 最高分辨率: —, 平均帧率: 未知, 视频编解码器: 未知, 音频编解码器: 未知
分类: 河南, 名称: 卫辉综合, 有效: 0, IPv4: 4, IPv6: 0, 最小延迟: — ms, 最高速率: 0.00 MiB/s, 平均速率: 0.00 MiB/s, 最高分辨率: —, 平均帧率: 未知, 视频编解码器: 未知, 音频编解码器: 未知
分类: 河南, 名称: 延津综合, 有效: 0, IPv4: 2, IPv6: 0, 最小延迟: — ms, 最高速率: 0.00 MiB/s, 平均速率: 0.00 MiB/s, 最高分辨率: —, 平均帧率: 未知, 视频编解码器: 未知, 音频编解码器: 未知
分类: 河南, 名称: 宝丰综合, 有效: 0, IPv4: 4, IPv6: 0, 最小延迟: — ms, 最高速率: 0.00 MiB/s, 平均速率: 0.00 MiB/s, 最高分辨率: —, 平均帧率: 未知, 视频编解码器: 未知, 音频编解码器: 未知
分类: 河南, 名称: 虞城综合, 有效: 0, IPv4: 2, IPv6: 0, 最小延迟: — ms, 最高速率: 0.00 MiB/s, 平均速率: 0.00 MiB/s, 最高分辨率: —, 平均帧率: 未知, 视频编解码器: 未知, 音频编解码器: 未知
分类: 河南, 名称: 济源综合, 有效: 0, IPv4: 2, IPv6: 0, 最小延迟: — ms, 最高速率: 0.00 MiB/s, 平均速率: 0.00 MiB/s, 最高分辨率: —, 平均帧率: 未知, 视频编解码器: 未知, 音频编解码器: 未知
分类: 河南, 名称: 郸城综合, 有效: 0, IPv4: 2, IPv6: 0, 最小延迟: — ms, 最高速率: 0.00 MiB/s, 平均速率: 0.00 MiB/s, 最高分辨率: —, 平均帧率: 未知, 视频编解码器: 未知, 音频编解码器: 未知
分类: 河南, 名称: 西平综合, 有效: 0, IPv4: 2, IPv6: 0, 最小延迟: — ms, 最高速率: 0.00 MiB/s, 平均速率: 0.00 MiB/s, 最高分辨率: —, 平均帧率: 未知, 视频编解码器: 未知, 音频编解码器: 未知
分类: 河南, 名称: 正阳综合, 有效: 0, IPv4: 1, IPv6: 0, 最小延迟: — ms, 最高速率: 0.00 MiB/s, 平均速率: 0.00 MiB/s, 最高分辨率: —, 平均帧率: 未知, 视频编解码器: 未知, 音频编解码器: 未知
分类: 河南, 名称: 鄢陵综合, 有效: 0, IPv4: 3, IPv6: 0, 最小延迟: — ms, 最高速率: 0.00 MiB/s, 平均速率: 0.00 MiB/s, 最高分辨率: —, 平均帧率: 未知, 视频编解码器: 未知, 音频编解码器: 未知
分类: 河南, 名称: 新密综合, 有效: 0, IPv4: 2, IPv6: 0, 最小延迟: — ms, 最高速率: 0.00 MiB/s, 平均速率: 0.00 MiB/s, 最高分辨率: —, 平均帧率: 未知, 视频编解码器: 未知, 音频编解码器: 未知
分类: 河南, 名称: 西华综合, 有效: 0, IPv4: 4, IPv6: 0, 最小延迟: — ms, 最高速率: 0.00 MiB/s, 平均速率: 0.00 MiB/s, 最高分辨率: —, 平均帧率: 未知, 视频编解码器: 未知, 音频编解码器: 未知
分类: 河南, 名称: 项城综合, 有效: 0, IPv4: 2, IPv6: 0, 最小延迟: — ms, 最高速率: 0.00 MiB/s, 平均速率: 0.00 MiB/s, 最高分辨率: —, 平均帧率: 未知, 视频编解码器: 未知, 音频编解码器: 未知
分类: 河南, 名称: 陕州综合, 有效: 0, IPv4: 2, IPv6: 0, 最小延迟: — ms, 最高速率: 0.00 MiB/s, 平均速率: 0.00 MiB/s, 最高分辨率: —, 平均帧率: 未知, 视频编解码器: 未知, 音频编解码器: 未知
分类: 河南, 名称: 渑池新闻综合, 有效: 0, IPv4: 3, IPv6: 0, 最小延迟: — ms, 最高速率: 0.00 MiB/s, 平均速率: 0.00 MiB/s, 最高分辨率: —, 平均帧率: 未知, 视频编解码器: 未知, 音频编解码器: 未知
分类: 河南, 名称: 义马综合, 有效: 0, IPv4: 2, IPv6: 0, 最小延迟: — ms, 最高速率: 0.00 MiB/s, 平均速率: 0.00 MiB/s, 最高分辨率: —, 平均帧率: 未知, 视频编解码器: 未知, 音频编解码器: 未知
分类: 河南, 名称: 禹州综合, 有效: 0, IPv4: 2, IPv6: 0, 最小延迟: — ms, 最高速率: 0.00 MiB/s, 平均速率: 0.00 MiB/s, 最高分辨率: —, 平均帧率: 未知, 视频编解码器: 未知, 音频编解码器: 未知
分类: 河南, 名称: 太康综合, 有效: 0, IPv4: 2, IPv6: 0, 最小延迟: — ms, 最高速率: 0.00 MiB/s, 平均速率: 0.00 MiB/s, 最高分辨率: —, 平均帧率: 未知, 视频编解码器: 未知, 音频编解码器: 未知
分类: 河南, 名称: 温县综合, 有效: 0, IPv4: 4, IPv6: 0, 最小延迟: — ms, 最高速率: 0.00 MiB/s, 平均速率: 0.00 MiB/s, 最高分辨率: —, 平均帧率: 未知, 视频编解码器: 未知, 音频编解码器: 未知
分类: 河南, 名称: 登封综合, 有效: 0, IPv4: 3, IPv6: 0, 最小延迟: — ms, 最高速率: 0.00 MiB/s, 平均速率: 0.00 MiB/s, 最高分辨率: —, 平均帧率: 未知, 视频编解码器: 未知, 音频编解码器: 未知
分类: 河南, 名称: 祥符综合, 有效: 0, IPv4: 2, IPv6: 0, 最小延迟: — ms, 最高速率: 0.00 MiB/s, 平均速率: 0.00 MiB/s, 最高分辨率: —, 平均帧率: 未知, 视频编解码器: 未知, 音频编解码器: 未知
分类: 河南, 名称: 新安综合, 有效: 0, IPv4: 2, IPv6: 0, 最小延迟: — ms, 最高速率: 0.00 MiB/s, 平均速率: 0.00 MiB/s, 最高分辨率: —, 平均帧率: 未知, 视频编解码器: 未知, 音频编解码器: 未知
分类: 河南, 名称: 沈丘综合, 有效: 0, IPv4: 2, IPv6: 0, 最小延迟: — ms, 最高速率: 0.00 MiB/s, 平均速率: 0.00 MiB/s, 最高分辨率: —, 平均帧率: 未知, 视频编解码器: 未知, 音频编解码器: 未知
分类: 河南, 名称: 唐河综合, 有效: 0, IPv4: 2, IPv6: 0, 最小延迟: — ms, 最高速率: 0.00 MiB/s, 平均速率: 0.00 MiB/s, 最高分辨率: —, 平均帧率: 未知, 视频编解码器: 未知, 音频编解码器: 未知
分类: 河南, 名称: 固始综合, 有效: 0, IPv4: 3, IPv6: 0, 最小延迟: — ms, 最高速率: 0.00 MiB/s, 平均速率: 0.00 MiB/s, 最高分辨率: —, 平均帧率: 未知, 视频编解码器: 未知, 音频编解码器: 未知
分类: 河南, 名称: 灵宝综合, 有效: 0, IPv4: 2, IPv6: 0, 最小延迟: — ms, 最高速率: 0.00 MiB/s, 平均速率: 0.00 MiB/s, 最高分辨率: —, 平均帧率: 未知, 视频编解码器: 未知, 音频编解码器: 未知
分类: 河南, 名称: 孟州综合, 有效: 0, IPv4: 2, IPv6: 0, 最小延迟: — ms, 最高速率: 0.00 MiB/s, 平均速率: 0.00 MiB/s, 最高分辨率: —, 平均帧率: 未知, 视频编解码器: 未知, 音频编解码器: 未知
分类: 河南, 名称: 宜阳综合, 有效: 0, IPv4: 4, IPv6: 0, 最小延迟: — ms, 最高速率: 0.00 MiB/s, 平均速率: 0.00 MiB/s, 最高分辨率: —, 平均帧率: 未知, 视频编解码器: 未知, 音频编解码器: 未知
分类: 河南, 名称: 潢川综合, 有效: 0, IPv4: 3, IPv6: 0, 最小延迟: — ms, 最高速率: 0.00 MiB/s, 平均速率: 0.00 MiB/s, 最高分辨率: —, 平均帧率: 未知, 视频编解码器: 未知, 音频编解码器: 未知
分类: 河南, 名称: 获嘉综合, 有效: 0, IPv4: 2, IPv6: 0, 最小延迟: — ms, 最高速率: 0.00 MiB/s, 平均速率: 0.00 MiB/s, 最高分辨率: —, 平均帧率: 未知, 视频编解码器: 未知, 音频编解码器: 未知
分类: 河南, 名称: 汤阴综合, 有效: 0, IPv4: 2, IPv6: 0, 最小延迟: — ms, 最高速率: 0.00 MiB/s, 平均速率: 0.00 MiB/s, 最高分辨率: —, 平均帧率: 未知, 视频编解码器: 未知, 音频编解码器: 未知
分类: 河南, 名称: 洛宁综合, 有效: 0, IPv4: 1, IPv6: 0, 最小延迟: — ms, 最高速率: 0.00 MiB/s, 平均速率: 0.00 MiB/s, 最高分辨率: —, 平均帧率: 未知, 视频编解码器: 未知, 音频编解码器: 未知
分类: 河南, 名称: 兰考新闻, 有效: 0, IPv4: 4, IPv6: 0, 最小延迟: — ms, 最高速率: 0.00 MiB/s, 平均速率: 0.00 MiB/s, 最高分辨率: —, 平均帧率: 未知, 视频编解码器: 未知, 音频编解码器: 未知
分类: 河南, 名称: 确山综合, 有效: 0, IPv4: 2, IPv6: 0, 最小延迟: — ms, 最高速率: 0.00 MiB/s, 平均速率: 0.00 MiB/s, 最高分辨率: —, 平均帧率: 未知, 视频编解码器: 未知, 音频编解码器: 未知
分类: 河南, 名称: 淇县综合, 有效: 0, IPv4: 2, IPv6: 0, 最小延迟: — ms, 最高速率: 0.00 MiB/s, 平均速率: 0.00 MiB/s, 最高分辨率: —, 平均帧率: 未知, 视频编解码器: 未知, 音频编解码器: 未知
分类: 河南, 名称: 平舆综合, 有效: 0, IPv4: 2, IPv6: 0, 最小延迟: — ms, 最高速率: 0.00 MiB/s, 平均速率: 0.00 MiB/s, 最高分辨率: —, 平均帧率: 未知, 视频编解码器: 未知, 音频编解码器: 未知
分类: 河南, 名称: 卢氏综合, 有效: 0, IPv4: 2, IPv6: 0, 最小延迟: — ms, 最高速率: 0.00 MiB/s, 平均速率: 0.00 MiB/s, 最高分辨率: —, 平均帧率: 未知, 视频编解码器: 未知, 音频编解码器: 未知
分类: 河南, 名称: 遂平综合, 有效: 0, IPv4: 2, IPv6: 0, 最小延迟: — ms, 最高速率: 0.00 MiB/s, 平均速率: 0.00 MiB/s, 最高分辨率: —, 平均帧率: 未知, 视频编解码器: 未知, 音频编解码器: 未知
分类: 河南, 名称: 扶沟综合, 有效: 0, IPv4: 4, IPv6: 0, 最小延迟: — ms, 最高速率: 0.00 MiB/s, 平均速率: 0.00 MiB/s, 最高分辨率: —, 平均帧率: 未知, 视频编解码器: 未知, 音频编解码器: 未知
分类: 河南, 名称: 内乡综合, 有效: 0, IPv4: 2, IPv6: 0, 最小延迟: — ms, 最高速率: 0.00 MiB/s, 平均速率: 0.00 MiB/s, 最高分辨率: —, 平均帧率: 未知, 视频编解码器: 未知, 音频编解码器: 未知
分类: 河南, 名称: 上蔡综合, 有效: 0, IPv4: 2, IPv6: 0, 最小延迟: — ms, 最高速率: 0.00 MiB/s, 平均速率: 0.00 MiB/s, 最高分辨率: —, 平均帧率: 未知, 视频编解码器: 未知, 音频编解码器: 未知
分类: 河南, 名称: 邓州综合, 有效: 0, IPv4: 2, IPv6: 0, 最小延迟: — ms, 最高速率: 0.00 MiB/s, 平均速率: 0.00 MiB/s, 最高分辨率: —, 平均帧率: 未知, 视频编解码器: 未知, 音频编解码器: 未知
分类: 河南, 名称: 内黄综合, 有效: 0, IPv4: 4, IPv6: 0, 最小延迟: — ms, 最高速率: 0.00 MiB/s, 平均速率: 0.00 MiB/s, 最高分辨率: —, 平均帧率: 未知, 视频编解码器: 未知, 音频编解码器: 未知
分类: 河南, 名称: 新野综合, 有效: 0, IPv4: 4, IPv6: 0, 最小延迟: — ms, 最高速率: 0.00 MiB/s, 平均速率: 0.00 MiB/s, 最高分辨率: —, 平均帧率: 未知, 视频编解码器: 未知, 音频编解码器: 未知
分类: 河南, 名称: 西峡综合, 有效: 0, IPv4: 2, IPv6: 0, 最小延迟: — ms, 最高速率: 0.00 MiB/s, 平均速率: 0.00 MiB/s, 最高分辨率: —, 平均帧率: 未知, 视频编解码器: 未知, 音频编解码器: 未知
分类: 河南, 名称: 淅川综合, 有效: 0, IPv4: 2, IPv6: 0, 最小延迟: — ms, 最高速率: 0.00 MiB/s, 平均速率: 0.00 MiB/s, 最高分辨率: —, 平均帧率: 未知, 视频编解码器: 未知, 音频编解码器: 未知
分类: 河南, 名称: 沁阳综合, 有效: 0, IPv4: 2, IPv6: 0, 最小延迟: — ms, 最高速率: 0.00 MiB/s, 平均速率: 0.00 MiB/s, 最高分辨率: —, 平均帧率: 未知, 视频编解码器: 未知, 音频编解码器: 未知
分类: 河南, 名称: 舞钢综合, 有效: 0, IPv4: 2, IPv6: 0, 最小延迟: — ms, 最高速率: 0.00 MiB/s, 平均速率: 0.00 MiB/s, 最高分辨率: —, 平均帧率: 未知, 视频编解码器: 未知, 音频编解码器: 未知
分类: 河南, 名称: 汝阳综合, 有效: 0, IPv4: 2, IPv6: 0, 最小延迟: — ms, 最高速率: 0.00 MiB/s, 平均速率: 0.00 MiB/s, 最高分辨率: —, 平均帧率: 未知, 视频编解码器: 未知, 音频编解码器: 未知
分类: 河南, 名称: 嵩县综合, 有效: 0, IPv4: 2, IPv6: 0, 最小延迟: — ms, 最高速率: 0.00 MiB/s, 平均速率: 0.00 MiB/s, 最高分辨率: —, 平均帧率: 未知, 视频编解码器: 未知, 音频编解码器: 未知
分类: 河南, 名称: 林州综合, 有效: 0, IPv4: 2, IPv6: 0, 最小延迟: — ms, 最高速率: 0.00 MiB/s, 平均速率: 0.00 MiB/s, 最高分辨率: —, 平均帧率: 未知, 视频编解码器: 未知, 音频编解码器: 未知
分类: 河南, 名称: 武陟综合, 有效: 0, IPv4: 2, IPv6: 0, 最小延迟: — ms, 最高速率: 0.00 MiB/s, 平均速率: 0.00 MiB/s, 最高分辨率: —, 平均帧率: 未知, 视频编解码器: 未知, 音频编解码器: 未知
分类: 河南, 名称: 栾川综合, 有效: 0, IPv4: 2, IPv6: 0, 最小延迟: — ms, 最高速率: 0.00 MiB/s, 平均速率: 0.00 MiB/s, 最高分辨率: —, 平均帧率: 未知, 视频编解码器: 未知, 音频编解码器: 未知
分类: 河南, 名称: 尉氏新闻综合, 有效: 0, IPv4: 2, IPv6: 0, 最小延迟: — ms, 最高速率: 0.00 MiB/s, 平均速率: 0.00 MiB/s, 最高分辨率: —, 平均帧率: 未知, 视频编解码器: 未知, 音频编解码器: 未知
分类: 河南, 名称: 新蔡综合, 有效: 0, IPv4: 4, IPv6: 0, 最小延迟: — ms, 最高速率: 0.00 MiB/s, 平均速率: 0.00 MiB/s, 最高分辨率: —, 平均帧率: 未知, 视频编解码器: 未知, 音频编解码器: 未知
分类: 河南, 名称: 荥阳综合, 有效: 0, IPv4: 4, IPv6: 0, 最小延迟: — ms, 最高速率: 0.00 MiB/s, 平均速率: 0.00 MiB/s, 最高分辨率: —, 平均帧率: 未知, 视频编解码器: 未知, 音频编解码器: 未知
分类: 河南, 名称: 杞县新闻综合, 有效: 0, IPv4: 2, IPv6: 0, 最小延迟: — ms, 最高速率: 0.00 MiB/s, 平均速率: 0.00 MiB/s, 最高分辨率: —, 平均帧率: 未知, 视频编解码器: 未知, 音频编解码器: 未知
分类: 河南, 名称: 通许综合, 有效: 0, IPv4: 2, IPv6: 0, 最小延迟: — ms, 最高速率: 0.00 MiB/s, 平均速率: 0.00 MiB/s, 最高分辨率: —, 平均帧率: 未知, 视频编解码器: 未知, 音频编解码器: 未知
分类: 河南, 名称: 叶县综合, 有效: 0, IPv4: 2, IPv6: 0, 最小延迟: — ms, 最高速率: 0.00 MiB/s, 平均速率: 0.00 MiB/s, 最高分辨率: —, 平均帧率: 未知, 视频编解码器: 未知, 音频编解码器: 未知
分类: 河南, 名称: 郏县综合, 有效: 0, IPv4: 4, IPv6: 0, 最小延迟: — ms, 最高速率: 0.00 MiB/s, 平均速率: 0.00 MiB/s, 最高分辨率: —, 平均帧率: 未知, 视频编解码器: 未知, 音频编解码器: 未知
分类: 河南, 名称: 鲁山综合, 有效: 0, IPv4: 2, IPv6: 0, 最小延迟: — ms, 最高速率: 0.00 MiB/s, 平均速率: 0.00 MiB/s, 最高分辨率: —, 平均帧率: 未知, 视频编解码器: 未知, 音频编解码器: 未知
分类: 河南, 名称: 浚县综合, 有效: 0, IPv4: 2, IPv6: 0, 最小延迟: — ms, 最高速率: 0.00 MiB/s, 平均速率: 0.00 MiB/s, 最高分辨率: —, 平均帧率: 未知, 视频编解码器: 未知, 音频编解码器: 未知
分类: 河南, 名称: 原阳综合, 有效: 0, IPv4: 2, IPv6: 0, 最小延迟: — ms, 最高速率: 0.00 MiB/s, 平均速率: 0.00 MiB/s, 最高分辨率: —, 平均帧率: 未知, 视频编解码器: 未知, 音频编解码器: 未知
分类: 河南, 名称: 襄城综合, 有效: 0, IPv4: 2, IPv6: 0, 最小延迟: — ms, 最高速率: 0.00 MiB/s, 平均速率: 0.00 MiB/s, 最高分辨率: —, 平均帧率: 未知, 视频编解码器: 未知, 音频编解码器: 未知
分类: 河南, 名称: 舞阳综合, 有效: 0, IPv4: 2, IPv6: 0, 最小延迟: — ms, 最高速率: 0.00 MiB/s, 平均速率: 0.00 MiB/s, 最高分辨率: —, 平均帧率: 未知, 视频编解码器: 未知, 音频编解码器: 未知
分类: 河南, 名称: 永城新闻综合, 有效: 0, IPv4: 2, IPv6: 0, 最小延迟: — ms, 最高速率: 0.00 MiB/s, 平均速率: 0.00 MiB/s, 最高分辨率: —, 平均帧率: 未知, 视频编解码器: 未知, 音频编解码器: 未知
分类: 河南, 名称: 淮滨综合, 有效: 0, IPv4: 2, IPv6: 0, 最小延迟: — ms, 最高速率: 0.00 MiB/s, 平均速率: 0.00 MiB/s, 最高分辨率: —, 平均帧率: 未知, 视频编解码器: 未知, 音频编解码器: 未知
分类: 河南, 名称: 新县综合, 有效: 0, IPv4: 3, IPv6: 0, 最小延迟: — ms, 最高速率: 0.00 MiB/s, 平均速率: 0.00 MiB/s, 最高分辨率: —, 平均帧率: 未知, 视频编解码器: 未知, 音频编解码器: 未知
分类: 河南, 名称: 光山综合, 有效: 0, IPv4: 3, IPv6: 0, 最小延迟: — ms, 最高速率: 0.00 MiB/s, 平均速率: 0.00 MiB/s, 最高分辨率: —, 平均帧率: 未知, 视频编解码器: 未知, 音频编解码器: 未知
分类: 河南, 名称: 孟津综合, 有效: 0, IPv4: 2, IPv6: 0, 最小延迟: — ms, 最高速率: 0.00 MiB/s, 平均速率: 0.00 MiB/s, 最高分辨率: —, 平均帧率: 未知, 视频编解码器: 未知, 音频编解码器: 未知
分类: 河北, 名称: 河北少儿科教, 有效: 0, IPv4: 1, IPv6: 0, 最小延迟: — ms, 最高速率: 0.00 MiB/s, 平均速率: 0.00 MiB/s, 最高分辨率: —, 平均帧率: 未知, 视频编解码器: 未知, 音频编解码器: 未知
分类: 河北, 名称: 河北都市, 有效: 0, IPv4: 2, IPv6: 0, 最小延迟: 432 ms, 最高速率: 0.40 MiB/s, 平均速率: 0.00 MiB/s, 最高分辨率: 960x540, 平均帧率: 25.0, 视频编解码器: h264, 音频编解码器: aac
分类: 河北, 名称: 石家庄新闻综合, 有效: 0, IPv4: 1, IPv6: 0, 最小延迟: — ms, 最高速率: 0.00 MiB/s, 平均速率: 0.00 MiB/s, 最高分辨率: —, 平均帧率: 未知, 视频编解码器: 未知, 音频编解码器: 未知
分类: 河北, 名称: 石家庄城市服务, 有效: 0, IPv4: 1, IPv6: 0, 最小延迟: — ms, 最高速率: 0.00 MiB/s, 平均速率: 0.00 MiB/s, 最高分辨率: —, 平均帧率: 未知, 视频编解码器: 未知, 音频编解码器: 未知
分类: 河北, 名称: 石家庄文化娱乐, 有效: 0, IPv4: 1, IPv6: 0, 最小延迟: — ms, 最高速率: 0.00 MiB/s, 平均速率: 0.00 MiB/s, 最高分辨率: —, 平均帧率: 未知, 视频编解码器: 未知, 音频编解码器: 未知
分类: 河北, 名称: 邢台综合, 有效: 0, IPv4: 1, IPv6: 0, 最小延迟: — ms, 最高速率: 0.00 MiB/s, 平均速率: 0.00 MiB/s, 最高分辨率: —, 平均帧率: 未知, 视频编解码器: 未知, 音频编解码器: 未知
分类: 河北, 名称: 张家口新闻综合, 有效: 0, IPv4: 2, IPv6: 0, 最小延迟: — ms, 最高速率: 0.00 MiB/s, 平均速率: 0.00 MiB/s, 最高分辨率: —, 平均帧率: 未知, 视频编解码器: 未知, 音频编解码器: 未知
分类: 河北, 名称: 张家口公共, 有效: 0, IPv4: 2, IPv6: 0, 最小延迟: — ms, 最高速率: 0.00 MiB/s, 平均速率: 0.00 MiB/s, 最高分辨率: —, 平均帧率: 未知, 视频编解码器: 未知, 音频编解码器: 未知
分类: 河北, 名称: 安平综合, 有效: 0, IPv4: 1, IPv6: 0, 最小延迟: — ms, 最高速率: 0.00 MiB/s, 平均速率: 0.00 MiB/s, 最高分辨率: —, 平均帧率: 未知, 视频编解码器: 未知, 音频编解码器: 未知
分类: 河北, 名称: 唐山影视, 有效: 0, IPv4: 1, IPv6: 0, 最小延迟: — ms, 最高速率: 0.00 MiB/s, 平均速率: 0.00 MiB/s, 最高分辨率: —, 平均帧率: 未知, 视频编解码器: 未知, 音频编解码器: 未知
分类: 河北, 名称: 衡水新闻综合, 有效: 0, IPv4: 1, IPv6: 0, 最小延迟: — ms, 最高速率: 0.00 MiB/s, 平均速率: 0.00 MiB/s, 最高分辨率: —, 平均帧率: 未知, 视频编解码器: 未知, 音频编解码器: 未知
分类: 河北, 名称: 衡水经济科教, 有效: 0, IPv4: 2, IPv6: 0, 最小延迟: — ms, 最高速率: 0.00 MiB/s, 平均速率: 0.00 MiB/s, 最高分辨率: —, 平均帧率: 未知, 视频编解码器: 未知, 音频编解码器: 未知
分类: 河北, 名称: 廊坊新闻综合, 有效: 0, IPv4: 1, IPv6: 0, 最小延迟: 5059 ms, 最高速率: 0.00 MiB/s, 平均速率: 0.00 MiB/s, 最高分辨率: —, 平均帧率: 未知, 视频编解码器: 未知, 音频编解码器: 未知
分类: 河北, 名称: 廊坊生活, 有效: 0, IPv4: 1, IPv6: 0, 最小延迟: 5060 ms, 最高速率: 0.00 MiB/s, 平均速率: 0.00 MiB/s, 最高分辨率: —, 平均帧率: 未知, 视频编解码器: 未知, 音频编解码器: 未知
分类: 河北, 名称: 枣强综合, 有效: 0, IPv4: 1, IPv6: 0, 最小延迟: 343 ms, 最高速率: 0.00 MiB/s, 平均速率: 0.00 MiB/s, 最高分辨率: 640x360, 平均帧率: 未知, 视频编解码器: 未知, 音频编解码器: 未知
分类: 河北, 名称: 滦南综合, 有效: 0, IPv4: 1, IPv6: 0, 最小延迟: 288 ms, 最高速率: 0.34 MiB/s, 平均速率: 0.00 MiB/s, 最高分辨率: 720x576, 平均帧率: 25.0, 视频编解码器: h264, 音频编解码器: aac
分类: 河北, 名称: 永清综合, 有效: 0, IPv4: 1, IPv6: 0, 最小延迟: — ms, 最高速率: 0.00 MiB/s, 平均速率: 0.00 MiB/s, 最高分辨率: —, 平均帧率: 未知, 视频编解码器: 未知, 音频编解码器: 未知
分类: 贵州, 名称: 天元围棋, 有效: 0, IPv4: 1, IPv6: 0, 最小延迟: — ms, 最高速率: 0.00 MiB/s, 平均速率: 0.00 MiB/s, 最高分辨率: —, 平均帧率: 未知, 视频编解码器: 未知, 音频编解码器: 未知
分类: 贵州, 名称: 黔东南综合, 有效: 0, IPv4: 1, IPv6: 0, 最小延迟: — ms, 最高速率: 0.00 MiB/s, 平均速率: 0.00 MiB/s, 最高分辨率: —, 平均帧率: 未知, 视频编解码器: 未知, 音频编解码器: 未知
分类: 贵州, 名称: 凯里综合, 有效: 0, IPv4: 1, IPv6: 0, 最小延迟: — ms, 最高速率: 0.00 MiB/s, 平均速率: 0.00 MiB/s, 最高分辨率: —, 平均帧率: 未知, 视频编解码器: 未知, 音频编解码器: 未知
分类: 贵州, 名称: 习水综合, 有效: 1, IPv4: 1, IPv6: 0, 最小延迟: 805 ms, 最高速率: 0.52 MiB/s, 平均速率: 0.52 MiB/s, 最高分辨率: 1920x1080, 平均帧率: 25.0, 视频编解码器: h264, 音频编解码器: aac
分类: 贵州, 名称: 七星关综合, 有效: 1, IPv4: 1, IPv6: 0, 最小延迟: 1103 ms, 最高速率: 1.71 MiB/s, 平均速率: 1.71 MiB/s, 最高分辨率: 1920x1080, 平均帧率: 25.0, 视频编解码器: h264, 音频编解码器: aac
分类: 甘肃, 名称: 证券服务, 有效: 0, IPv4: 1, IPv6: 0, 最小延迟: — ms, 最高速率: 0.00 MiB/s, 平均速率: 0.00 MiB/s, 最高分辨率: —, 平均帧率: 未知, 视频编解码器: 未知, 音频编解码器: 未知
分类: 甘肃, 名称: 兰州新闻综合, 有效: 0, IPv4: 1, IPv6: 0, 最小延迟: — ms, 最高速率: 0.00 MiB/s, 平均速率: 0.00 MiB/s, 最高分辨率: —, 平均帧率: 未知, 视频编解码器: 未知, 音频编解码器: 未知
分类: 甘肃, 名称: 兰州文旅, 有效: 0, IPv4: 1, IPv6: 0, 最小延迟: — ms, 最高速率: 0.00 MiB/s, 平均速率: 0.00 MiB/s, 最高分辨率: —, 平均帧率: 未知, 视频编解码器: 未知, 音频编解码器: 未知
分类: 甘肃, 名称: 嘉峪关综合, 有效: 0, IPv4: 2, IPv6: 0, 最小延迟: — ms, 最高速率: 0.00 MiB/s, 平均速率: 0.00 MiB/s, 最高分辨率: —, 平均帧率: 未知, 视频编解码器: 未知, 音频编解码器: 未知
分类: 甘肃, 名称: 酒泉综合, 有效: 0, IPv4: 1, IPv6: 0, 最小延迟: — ms, 最高速率: 0.00 MiB/s, 平均速率: 0.00 MiB/s, 最高分辨率: —, 平均帧率: 未知, 视频编解码器: 未知, 音频编解码器: 未知
分类: 甘肃, 名称: 陇南综合, 有效: 0, IPv4: 1, IPv6: 0, 最小延迟: — ms, 最高速率: 0.00 MiB/s, 平均速率: 0.00 MiB/s, 最高分辨率: —, 平均帧率: 未知, 视频编解码器: 未知, 音频编解码器: 未知
分类: 甘肃, 名称: 陇南公共, 有效: 0, IPv4: 1, IPv6: 0, 最小延迟: — ms, 最高速率: 0.00 MiB/s, 平均速率: 0.00 MiB/s, 最高分辨率: —, 平均帧率: 未知, 视频编解码器: 未知, 音频编解码器: 未知
分类: 甘肃, 名称: 张掖新闻综合, 有效: 0, IPv4: 1, IPv6: 0, 最小延迟: — ms, 最高速率: 0.00 MiB/s, 平均速率: 0.00 MiB/s, 最高分辨率: —, 平均帧率: 未知, 视频编解码器: 未知, 音频编解码器: 未知
分类: 甘肃, 名称: 白银综合, 有效: 1, IPv4: 3, IPv6: 0, 最小延迟: 302 ms, 最高速率: 1.33 MiB/s, 平均速率: 1.33 MiB/s, 最高分辨率: 1920x1080, 平均帧率: 30.3, 视频编解码器: h264, 音频编解码器: aac
分类: 甘肃, 名称: 张掖农业旅游, 有效: 0, IPv4: 1, IPv6: 0, 最小延迟: — ms, 最高速率: 0.00 MiB/s, 平均速率: 0.00 MiB/s, 最高分辨率: —, 平均帧率: 未知, 视频编解码器: 未知, 音频编解码器: 未知
分类: 甘肃, 名称: 甘南综合, 有效: 0, IPv4: 2, IPv6: 0, 最小延迟: — ms, 最高速率: 0.00 MiB/s, 平均速率: 0.00 MiB/s, 最高分辨率: —, 平均帧率: 未知, 视频编解码器: 未知, 音频编解码器: 未知
分类: 甘肃, 名称: 平凉新闻综合, 有效: 0, IPv4: 1, IPv6: 0, 最小延迟: — ms, 最高速率: 0.00 MiB/s, 平均速率: 0.00 MiB/s, 最高分辨率: —, 平均帧率: 未知, 视频编解码器: 未知, 音频编解码器: 未知
分类: 甘肃, 名称: 定西综合, 有效: 1, IPv4: 1, IPv6: 0, 最小延迟: 187 ms, 最高速率: 0.56 MiB/s, 平均速率: 0.56 MiB/s, 最高分辨率: 1920x1080, 平均帧率: 25.0, 视频编解码器: h264, 音频编解码器: aac
分类: 甘肃, 名称: 天祝综合, 有效: 1, IPv4: 2, IPv6: 0, 最小延迟: 454 ms, 最高速率: 0.51 MiB/s, 平均速率: 0.51 MiB/s, 最高分辨率: 1920x1080, 平均帧率: 25.0, 视频编解码器: h264, 音频编解码器: aac
分类: 甘肃, 名称: 定西文旅生活, 有效: 0, IPv4: 1, IPv6: 0, 最小延迟: 572 ms, 最高速率: 0.41 MiB/s, 平均速率: 0.00 MiB/s, 最高分辨率: 1920x1080, 平均帧率: 25.0, 视频编解码器: h264, 音频编解码器: aac
分类: 甘肃, 名称: 玉门综合, 有效: 0, IPv4: 1, IPv6: 0, 最小延迟: — ms, 最高速率: 0.00 MiB/s, 平均速率: 0.00 MiB/s, 最高分辨率: —, 平均帧率: 未知, 视频编解码器: 未知, 音频编解码器: 未知
分类: 甘肃, 名称: 临夏综合, 有效: 0, IPv4: 1, IPv6: 0, 最小延迟: — ms, 最高速率: 0.00 MiB/s, 平均速率: 0.00 MiB/s, 最高分辨率: —, 平均帧率: 未知, 视频编解码器: 未知, 音频编解码器: 未知
分类: 甘肃, 名称: 临夏文旅, 有效: 0, IPv4: 1, IPv6: 0, 最小延迟: — ms, 最高速率: 0.00 MiB/s, 平均速率: 0.00 MiB/s, 最高分辨率: —, 平均帧率: 未知, 视频编解码器: 未知, 音频编解码器: 未知
分类: 甘肃, 名称: 秦安综合, 有效: 0, IPv4: 1, IPv6: 0, 最小延迟: — ms, 最高速率: 0.00 MiB/s, 平均速率: 0.00 MiB/s, 最高分辨率: —, 平均帧率: 未知, 视频编解码器: 未知, 音频编解码器: 未知
分类: 甘肃, 名称: 陇西综合, 有效: 0, IPv4: 1, IPv6: 0, 最小延迟: — ms, 最高速率: 0.00 MiB/s, 平均速率: 0.00 MiB/s, 最高分辨率: —, 平均帧率: 未知, 视频编解码器: 未知, 音频编解码器: 未知
分类: 甘肃, 名称: 礼县综合, 有效: 0, IPv4: 1, IPv6: 0, 最小延迟: — ms, 最高速率: 0.00 MiB/s, 平均速率: 0.00 MiB/s, 最高分辨率: —, 平均帧率: 未知, 视频编解码器: 未知, 音频编解码器: 未知
分类: 甘肃, 名称: 庄浪综合, 有效: 0, IPv4: 1, IPv6: 0, 最小延迟: — ms, 最高速率: 0.00 MiB/s, 平均速率: 0.00 MiB/s, 最高分辨率: —, 平均帧率: 未知, 视频编解码器: 未知, 音频编解码器: 未知
分类: 甘肃, 名称: 永昌综合, 有效: 0, IPv4: 2, IPv6: 0, 最小延迟: — ms, 最高速率: 0.00 MiB/s, 平均速率: 0.00 MiB/s, 最高分辨率: —, 平均帧率: 未知, 视频编解码器: 未知, 音频编解码器: 未知
分类: 甘肃, 名称: 华池综合, 有效: 0, IPv4: 1, IPv6: 0, 最小延迟: — ms, 最高速率: 0.00 MiB/s, 平均速率: 0.00 MiB/s, 最高分辨率: —, 平均帧率: 未知, 视频编解码器: 未知, 音频编解码器: 未知
分类: 甘肃, 名称: 西和综合, 有效: 0, IPv4: 1, IPv6: 0, 最小延迟: — ms, 最高速率: 0.00 MiB/s, 平均速率: 0.00 MiB/s, 最高分辨率: —, 平均帧率: 未知, 视频编解码器: 未知, 音频编解码器: 未知
分类: 甘肃, 名称: 西峰综合, 有效: 0, IPv4: 1, IPv6: 0, 最小延迟: — ms, 最高速率: 0.00 MiB/s, 平均速率: 0.00 MiB/s, 最高分辨率: —, 平均帧率: 未知, 视频编解码器: 未知, 音频编解码器: 未知
分类: 新疆, 名称: 新疆汉语影视, 有效: 0, IPv4: 1, IPv6: 0, 最小延迟: — ms, 最高速率: 0.00 MiB/s, 平均速率: 0.00 MiB/s, 最高分辨率: —, 平均帧率: 未知, 视频编解码器: 未知, 音频编解码器: 未知
分类: 新疆, 名称: 克拉玛依汉语综合, 有效: 0, IPv4: 2, IPv6: 0, 最小延迟: — ms, 最高速率: 0.00 MiB/s, 平均速率: 0.00 MiB/s, 最高分辨率: —, 平均帧率: 未知, 视频编解码器: 未知, 音频编解码器: 未知
分类: 新疆, 名称: 哈密汉语综合, 有效: 0, IPv4: 2, IPv6: 0, 最小延迟: — ms, 最高速率: 0.00 MiB/s, 平均速率: 0.00 MiB/s, 最高分辨率: —, 平均帧率: 未知, 视频编解码器: 未知, 音频编解码器: 未知
分类: 新疆, 名称: 哈密维语综合, 有效: 0, IPv4: 2, IPv6: 0, 最小延迟: — ms, 最高速率: 0.00 MiB/s, 平均速率: 0.00 MiB/s, 最高分辨率: —, 平均帧率: 未知, 视频编解码器: 未知, 音频编解码器: 未知
分类: 新疆, 名称: 克拉玛依维语综合, 有效: 0, IPv4: 1, IPv6: 0, 最小延迟: — ms, 最高速率: 0.00 MiB/s, 平均速率: 0.00 MiB/s, 最高分辨率: —, 平均帧率: 未知, 视频编解码器: 未知, 音频编解码器: 未知
分类: 新疆, 名称: 伊犁汉语综合, 有效: 0, IPv4: 1, IPv6: 0, 最小延迟: 428 ms, 最高速率: 0.03 MiB/s, 平均速率: 0.00 MiB/s, 最高分辨率: —, 平均帧率: 未知, 视频编解码器: 未知, 音频编解码器: 未知
分类: 新疆, 名称: 克拉玛依影视文艺, 有效: 0, IPv4: 1, IPv6: 0, 最小延迟: — ms, 最高速率: 0.00 MiB/s, 平均速率: 0.00 MiB/s, 最高分辨率: —, 平均帧率: 未知, 视频编解码器: 未知, 音频编解码器: 未知
分类: 新疆, 名称: 伊犁哈语综合, 有效: 0, IPv4: 1, IPv6: 0, 最小延迟: — ms, 最高速率: 0.00 MiB/s, 平均速率: 0.00 MiB/s, 最高分辨率: —, 平均帧率: 未知, 视频编解码器: 未知, 音频编解码器: 未知
分类: 新疆, 名称: 和田汉语综合, 有效: 0, IPv4: 1, IPv6: 0, 最小延迟: — ms, 最高速率: 0.00 MiB/s, 平均速率: 0.00 MiB/s, 最高分辨率: —, 平均帧率: 未知, 视频编解码器: 未知, 音频编解码器: 未知
分类: 新疆, 名称: 和田维语综合, 有效: 0, IPv4: 1, IPv6: 0, 最小延迟: — ms, 最高速率: 0.00 MiB/s, 平均速率: 0.00 MiB/s, 最高分辨率: —, 平均帧率: 未知, 视频编解码器: 未知, 音频编解码器: 未知
分类: 新疆, 名称: 和田维语影视, 有效: 0, IPv4: 1, IPv6: 0, 最小延迟: — ms, 最高速率: 0.00 MiB/s, 平均速率: 0.00 MiB/s, 最高分辨率: —, 平均帧率: 未知, 视频编解码器: 未知, 音频编解码器: 未知
分类: 新疆, 名称: 巴州教育, 有效: 0, IPv4: 1, IPv6: 0, 最小延迟: 359 ms, 最高速率: 0.13 MiB/s, 平均速率: 0.00 MiB/s, 最高分辨率: —, 平均帧率: 未知, 视频编解码器: 未知, 音频编解码器: 未知
分类: 新疆, 名称: 巴州综合, 有效: 0, IPv4: 1, IPv6: 0, 最小延迟: 409 ms, 最高速率: 0.25 MiB/s, 平均速率: 0.00 MiB/s, 最高分辨率: 1920x1080, 平均帧率: 25.0, 视频编解码器: h264, 音频编解码器: aac
分类: 新疆, 名称: 玛纳斯综合, 有效: 0, IPv4: 2, IPv6: 0, 最小延迟: 282 ms, 最高速率: 0.15 MiB/s, 平均速率: 0.00 MiB/s, 最高分辨率: —, 平均帧率: 未知, 视频编解码器: 未知, 音频编解码器: 未知
分类: 新疆, 名称: 伊犁维语综合, 有效: 0, IPv4: 1, IPv6: 0, 最小延迟: — ms, 最高速率: 0.00 MiB/s, 平均速率: 0.00 MiB/s, 最高分辨率: —, 平均帧率: 未知, 视频编解码器: 未知, 音频编解码器: 未知
分类: 新疆, 名称: 沙湾综合, 有效: 1, IPv4: 2, IPv6: 0, 最小延迟: 355 ms, 最高速率: 0.25 MiB/s, 平均速率: 0.25 MiB/s, 最高分辨率: 1280x720, 平均帧率: 25.0, 视频编解码器: h264, 音频编解码器: aac
分类: 新疆, 名称: 石河子新闻综合, 有效: 0, IPv4: 2, IPv6: 0, 最小延迟: 5061 ms, 最高速率: 0.00 MiB/s, 平均速率: 0.00 MiB/s, 最高分辨率: —, 平均帧率: 未知, 视频编解码器: 未知, 音频编解码器: 未知
分类: 新疆, 名称: 塔城哈语综合, 有效: 0, IPv4: 1, IPv6: 0, 最小延迟: 411 ms, 最高速率: 0.35 MiB/s, 平均速率: 0.00 MiB/s, 最高分辨率: 1920x1080, 平均帧率: 25.0, 视频编解码器: h264, 音频编解码器: aac
分类: 新疆, 名称: 塔城汉语综合, 有效: 0, IPv4: 1, IPv6: 0, 最小延迟: 409 ms, 最高速率: 0.28 MiB/s, 平均速率: 0.00 MiB/s, 最高分辨率: 1920x1080, 平均帧率: 25.0, 视频编解码器: h264, 音频编解码器: aac
分类: 新疆, 名称: 吉木萨尔综合, 有效: 0, IPv4: 1, IPv6: 0, 最小延迟: 420 ms, 最高速率: 0.26 MiB/s, 平均速率: 0.00 MiB/s, 最高分辨率: 1920x1080, 平均帧率: 25.0, 视频编解码器: h264, 音频编解码器: aac
分类: 新疆, 名称: 奇台综合, 有效: 0, IPv4: 1, IPv6: 0, 最小延迟: 486 ms, 最高速率: 0.27 MiB/s, 平均速率: 0.00 MiB/s, 最高分辨率: 1920x1080, 平均帧率: 25.0, 视频编解码器: h264, 音频编解码器: aac
分类: 山东, 名称: 山东齐鲁, 有效: 0, IPv4: 2, IPv6: 0, 最小延迟: 994 ms, 最高速率: 0.01 MiB/s, 平均速率: 0.00 MiB/s, 最高分辨率: —, 平均帧率: 未知, 视频编解码器: 未知, 音频编解码器: 未知
分类: 山东, 名称: 山东文旅, 有效: 0, IPv4: 1, IPv6: 0, 最小延迟: — ms, 最高速率: 0.00 MiB/s, 平均速率: 0.00 MiB/s, 最高分辨率: —, 平均帧率: 未知, 视频编解码器: 未知, 音频编解码器: 未知
分类: 山东, 名称: 山东综艺, 有效: 0, IPv4: 1, IPv6: 0, 最小延迟: — ms, 最高速率: 0.00 MiB/s, 平均速率: 0.00 MiB/s, 最高分辨率: —, 平均帧率: 未知, 视频编解码器: 未知, 音频编解码器: 未知
分类: 山东, 名称: 山东少儿, 有效: 0, IPv4: 2, IPv6: 0, 最小延迟: — ms, 最高速率: 0.00 MiB/s, 平均速率: 0.00 MiB/s, 最高分辨率: —, 平均帧率: 未知, 视频编解码器: 未知, 音频编解码器: 未知
分类: 山东, 名称: 山东生活, 有效: 0, IPv4: 1, IPv6: 0, 最小延迟: — ms, 最高速率: 0.00 MiB/s, 平均速率: 0.00 MiB/s, 最高分辨率: —, 平均帧率: 未知, 视频编解码器: 未知, 音频编解码器: 未知
分类: 山东, 名称: 青岛影视, 有效: 0, IPv4: 1, IPv6: 0, 最小延迟: — ms, 最高速率: 0.00 MiB/s, 平均速率: 0.00 MiB/s, 最高分辨率: —, 平均帧率: 未知, 视频编解码器: 未知, 音频编解码器: 未知
分类: 山东, 名称: 青岛新闻综合, 有效: 0, IPv4: 1, IPv6: 0, 最小延迟: — ms, 最高速率: 0.00 MiB/s, 平均速率: 0.00 MiB/s, 最高分辨率: —, 平均帧率: 未知, 视频编解码器: 未知, 音频编解码器: 未知
分类: 山东, 名称: 山东农科, 有效: 0, IPv4: 1, IPv6: 0, 最小延迟: — ms, 最高速率: 0.00 MiB/s, 平均速率: 0.00 MiB/s, 最高分辨率: —, 平均帧率: 未知, 视频编解码器: 未知, 音频编解码器: 未知
分类: 山东, 名称: 聊城综合, 有效: 0, IPv4: 1, IPv6: 0, 最小延迟: — ms, 最高速率: 0.00 MiB/s, 平均速率: 0.00 MiB/s, 最高分辨率: —, 平均帧率: 未知, 视频编解码器: 未知, 音频编解码器: 未知
分类: 山东, 名称: 菏泽公共, 有效: 1, IPv4: 1, IPv6: 0, 最小延迟: 598 ms, 最高速率: 0.36 MiB/s, 平均速率: 0.36 MiB/s, 最高分辨率: 1280x720, 平均帧率: 25.0, 视频编解码器: h264, 音频编解码器: aac
分类: 山东, 名称: 滨州民生, 有效: 0, IPv4: 1, IPv6: 0, 最小延迟: — ms, 最高速率: 0.00 MiB/s, 平均速率: 0.00 MiB/s, 最高分辨率: —, 平均帧率: 未知, 视频编解码器: 未知, 音频编解码器: 未知
分类: 山东, 名称: 菏泽综合, 有效: 1, IPv4: 1, IPv6: 0, 最小延迟: 553 ms, 最高速率: 0.26 MiB/s, 平均速率: 0.26 MiB/s, 最高分辨率: 1280x720, 平均帧率: 25.0, 视频编解码器: h264, 音频编解码器: aac
分类: 山东, 名称: 临沂综合, 有效: 0, IPv4: 1, IPv6: 0, 最小延迟: — ms, 最高速率: 0.00 MiB/s, 平均速率: 0.00 MiB/s, 最高分辨率: —, 平均帧率: 未知, 视频编解码器: 未知, 音频编解码器: 未知
分类: 山东, 名称: 烟台新闻综合, 有效: 0, IPv4: 2, IPv6: 0, 最小延迟: — ms, 最高速率: 0.00 MiB/s, 平均速率: 0.00 MiB/s, 最高分辨率: —, 平均帧率: 未知, 视频编解码器: 未知, 音频编解码器: 未知
分类: 山东, 名称: 烟台经济科技, 有效: 0, IPv4: 1, IPv6: 0, 最小延迟: — ms, 最高速率: 0.00 MiB/s, 平均速率: 0.00 MiB/s, 最高分辨率: —, 平均帧率: 未知, 视频编解码器: 未知, 音频编解码器: 未知
分类: 山东, 名称: 烟台公共, 有效: 0, IPv4: 2, IPv6: 0, 最小延迟: — ms, 最高速率: 0.00 MiB/s, 平均速率: 0.00 MiB/s, 最高分辨率: —, 平均帧率: 未知, 视频编解码器: 未知, 音频编解码器: 未知
分类: 山东, 名称: 济宁生活, 有效: 0, IPv4: 1, IPv6: 0, 最小延迟: — ms, 最高速率: 0.00 MiB/s, 平均速率: 0.00 MiB/s, 最高分辨率: —, 平均帧率: 未知, 视频编解码器: 未知, 音频编解码器: 未知
分类: 山东, 名称: 济宁综合, 有效: 0, IPv4: 1, IPv6: 0, 最小延迟: — ms, 最高速率: 0.00 MiB/s, 平均速率: 0.00 MiB/s, 最高分辨率: —, 平均帧率: 未知, 视频编解码器: 未知, 音频编解码器: 未知
分类: 山东, 名称: 山东教育, 有效: 1, IPv4: 2, IPv6: 0, 最小延迟: 598 ms, 最高速率: 0.39 MiB/s, 平均速率: 0.39 MiB/s, 最高分辨率: 1280x720, 平均帧率: 25.0, 视频编解码器: h264, 音频编解码器: aac
分类: 山东, 名称: 济宁公共, 有效: 0, IPv4: 1, IPv6: 0, 最小延迟: — ms, 最高速率: 0.00 MiB/s, 平均速率: 0.00 MiB/s, 最高分辨率: —, 平均帧率: 未知, 视频编解码器: 未知, 音频编解码器: 未知
分类: 山东, 名称: 梁山综合, 有效: 0, IPv4: 1, IPv6: 0, 最小延迟: — ms, 最高速率: 0.00 MiB/s, 平均速率: 0.00 MiB/s, 最高分辨率: —, 平均帧率: 未知, 视频编解码器: 未知, 音频编解码器: 未知
分类: 山东, 名称: 曹县综合, 有效: 1, IPv4: 2, IPv6: 0, 最小延迟: 1194 ms, 最高速率: 0.86 MiB/s, 平均速率: 0.86 MiB/s, 最高分辨率: 1920x1080, 平均帧率: 25.0, 视频编解码器: h264, 音频编解码器: aac
分类: 山东, 名称: 泰安经济生活, 有效: 0, IPv4: 1, IPv6: 0, 最小延迟: 550 ms, 最高速率: 0.33 MiB/s, 平均速率: 0.00 MiB/s, 最高分辨率: 720x576, 平均帧率: 25.0, 视频编解码器: h264, 音频编解码器: aac
分类: 山东, 名称: 茌平综合, 有效: 1, IPv4: 1, IPv6: 0, 最小延迟: 609 ms, 最高速率: 0.80 MiB/s, 平均速率: 0.80 MiB/s, 最高分辨率: 1280x720, 平均帧率: 25.0, 视频编解码器: h264, 音频编解码器: aac
分类: 山东, 名称: 兰陵综合, 有效: 0, IPv4: 1, IPv6: 0, 最小延迟: — ms, 最高速率: 0.00 MiB/s, 平均速率: 0.00 MiB/s, 最高分辨率: —, 平均帧率: 未知, 视频编解码器: 未知, 音频编解码器: 未知
分类: 山西, 名称: 山西经济与科技, 有效: 0, IPv4: 1, IPv6: 0, 最小延迟: — ms, 最高速率: 0.00 MiB/s, 平均速率: 0.00 MiB/s, 最高分辨率: —, 平均帧率: 未知, 视频编解码器: 未知, 音频编解码器: 未知
分类: 山西, 名称: 山西影视, 有效: 0, IPv4: 1, IPv6: 0, 最小延迟: — ms, 最高速率: 0.00 MiB/s, 平均速率: 0.00 MiB/s, 最高分辨率: —, 平均帧率: 未知, 视频编解码器: 未知, 音频编解码器: 未知
分类: 山西, 名称: 山西社会与法治, 有效: 0, IPv4: 1, IPv6: 0, 最小延迟: — ms, 最高速率: 0.00 MiB/s, 平均速率: 0.00 MiB/s, 最高分辨率: —, 平均帧率: 未知, 视频编解码器: 未知, 音频编解码器: 未知
分类: 山西, 名称: 山西文体生活, 有效: 0, IPv4: 1, IPv6: 0, 最小延迟: — ms, 最高速率: 0.00 MiB/s, 平均速率: 0.00 MiB/s, 最高分辨率: —, 平均帧率: 未知, 视频编解码器: 未知, 音频编解码器: 未知
分类: 山西, 名称: 晋城新闻综合, 有效: 0, IPv4: 1, IPv6: 0, 最小延迟: 213 ms, 最高速率: 0.36 MiB/s, 平均速率: 0.00 MiB/s, 最高分辨率: 1920x1080, 平均帧率: 25.0, 视频编解码器: h264, 音频编解码器: aac
分类: 山西, 名称: 大宁综合, 有效: 0, IPv4: 1, IPv6: 0, 最小延迟: 390 ms, 最高速率: 0.09 MiB/s, 平均速率: 0.00 MiB/s, 最高分辨率: —, 平均帧率: 未知, 视频编解码器: 未知, 音频编解码器: 未知
分类: 山西, 名称: 古县综合, 有效: 0, IPv4: 1, IPv6: 0, 最小延迟: 458 ms, 最高速率: 0.65 MiB/s, 平均速率: 0.00 MiB/s, 最高分辨率: 720x480, 平均帧率: 未知, 视频编解码器: 未知, 音频编解码器: 未知
分类: 山西, 名称: 祁县综合, 有效: 0, IPv4: 1, IPv6: 0, 最小延迟: — ms, 最高速率: 0.00 MiB/s, 平均速率: 0.00 MiB/s, 最高分辨率: —, 平均帧率: 未知, 视频编解码器: 未知, 音频编解码器: 未知
分类: 山西, 名称: 晋城文化生活, 有效: 0, IPv4: 1, IPv6: 0, 最小延迟: — ms, 最高速率: 0.00 MiB/s, 平均速率: 0.00 MiB/s, 最高分辨率: —, 平均帧率: 未知, 视频编解码器: 未知, 音频编解码器: 未知
分类: 山西, 名称: 晋中综合, 有效: 0, IPv4: 1, IPv6: 0, 最小延迟: — ms, 最高速率: 0.00 MiB/s, 平均速率: 0.00 MiB/s, 最高分辨率: —, 平均帧率: 未知, 视频编解码器: 未知, 音频编解码器: 未知
分类: 山西, 名称: 晋中公共, 有效: 0, IPv4: 1, IPv6: 0, 最小延迟: — ms, 最高速率: 0.00 MiB/s, 平均速率: 0.00 MiB/s, 最高分辨率: —, 平均帧率: 未知, 视频编解码器: 未知, 音频编解码器: 未知
分类: 山西, 名称: 孝义综合, 有效: 0, IPv4: 1, IPv6: 0, 最小延迟: 866 ms, 最高速率: 0.16 MiB/s, 平均速率: 0.00 MiB/s, 最高分辨率: —, 平均帧率: 未知, 视频编解码器: 未知, 音频编解码器: 未知
分类: 山西, 名称: 闻喜综合, 有效: 0, IPv4: 1, IPv6: 0, 最小延迟: — ms, 最高速率: 0.00 MiB/s, 平均速率: 0.00 MiB/s, 最高分辨率: —, 平均帧率: 未知, 视频编解码器: 未知, 音频编解码器: 未知
分类: 山西, 名称: 霍州综合, 有效: 0, IPv4: 1, IPv6: 0, 最小延迟: — ms, 最高速率: 0.00 MiB/s, 平均速率: 0.00 MiB/s, 最高分辨率: —, 平均帧率: 未知, 视频编解码器: 未知, 音频编解码器: 未知
分类: 山西, 名称: 阳曲综合, 有效: 0, IPv4: 1, IPv6: 0, 最小延迟: 484 ms, 最高速率: 0.49 MiB/s, 平均速率: 0.00 MiB/s, 最高分辨率: 1920x1080, 平均帧率: 未知, 视频编解码器: 未知, 音频编解码器: 未知
分类: 山西, 名称: 太谷新闻综合, 有效: 0, IPv4: 3, IPv6: 0, 最小延迟: 591 ms, 最高速率: 1.28 MiB/s, 平均速率: 0.00 MiB/s, 最高分辨率: 1024x768, 平均帧率: 25.0, 视频编解码器: h264, 音频编解码器: aac
分类: 山西, 名称: 定襄综合, 有效: 0, IPv4: 1, IPv6: 0, 最小延迟: — ms, 最高速率: 0.00 MiB/s, 平均速率: 0.00 MiB/s, 最高分辨率: —, 平均帧率: 未知, 视频编解码器: 未知, 音频编解码器: 未知
分类: 山西, 名称: 山阴综合, 有效: 0, IPv4: 1, IPv6: 0, 最小延迟: — ms, 最高速率: 0.00 MiB/s, 平均速率: 0.00 MiB/s, 最高分辨率: —, 平均帧率: 未知, 视频编解码器: 未知, 音频编解码器: 未知
分类: 山西, 名称: 潞城综合, 有效: 0, IPv4: 1, IPv6: 0, 最小延迟: 333 ms, 最高速率: 0.20 MiB/s, 平均速率: 0.00 MiB/s, 最高分辨率: —, 平均帧率: 未知, 视频编解码器: 未知, 音频编解码器: 未知
分类: 山西, 名称: 黎城综合, 有效: 0, IPv4: 2, IPv6: 0, 最小延迟: — ms, 最高速率: 0.00 MiB/s, 平均速率: 0.00 MiB/s, 最高分辨率: —, 平均帧率: 未知, 视频编解码器: 未知, 音频编解码器: 未知
分类: 山西, 名称: 上党综合, 有效: 0, IPv4: 1, IPv6: 0, 最小延迟: 541 ms, 最高速率: 0.20 MiB/s, 平均速率: 0.00 MiB/s, 最高分辨率: 1920x1080, 平均帧率: 25.0, 视频编解码器: h264, 音频编解码器: aac
分类: 山西, 名称: 怀仁综合, 有效: 0, IPv4: 1, IPv6: 0, 最小延迟: — ms, 最高速率: 0.00 MiB/s, 平均速率: 0.00 MiB/s, 最高分辨率: —, 平均帧率: 未知, 视频编解码器: 未知, 音频编解码器: 未知
分类: 山西, 名称: 屯留综合, 有效: 0, IPv4: 1, IPv6: 0, 最小延迟: 657 ms, 最高速率: 0.29 MiB/s, 平均速率: 0.00 MiB/s, 最高分辨率: 1920x1080, 平均帧率: 未知, 视频编解码器: 未知, 音频编解码器: 未知
分类: 山西, 名称: 汾西综合, 有效: 0, IPv4: 1, IPv6: 0, 最小延迟: 446 ms, 最高速率: 0.47 MiB/s, 平均速率: 0.00 MiB/s, 最高分辨率: 1920x1080, 平均帧率: 25.0, 视频编解码器: 未知, 音频编解码器: 未知
分类: 山西, 名称: 高平综合, 有效: 0, IPv4: 1, IPv6: 0, 最小延迟: 466 ms, 最高速率: 0.47 MiB/s, 平均速率: 0.00 MiB/s, 最高分辨率: 854x480, 平均帧率: 30.0, 视频编解码器: h264, 音频编解码器: aac
分类: 山西, 名称: 长子综合, 有效: 0, IPv4: 1, IPv6: 0, 最小延迟: — ms, 最高速率: 0.00 MiB/s, 平均速率: 0.00 MiB/s, 最高分辨率: —, 平均帧率: 未知, 视频编解码器: 未知, 音频编解码器: 未知
分类: 山西, 名称: 平顺综合, 有效: 0, IPv4: 1, IPv6: 0, 最小延迟: — ms, 最高速率: 0.00 MiB/s, 平均速率: 0.00 MiB/s, 最高分辨率: —, 平均帧率: 未知, 视频编解码器: 未知, 音频编解码器: 未知
分类: 山西, 名称: 万荣综合, 有效: 0, IPv4: 1, IPv6: 0, 最小延迟: 417 ms, 最高速率: 0.31 MiB/s, 平均速率: 0.00 MiB/s, 最高分辨率: 720x404, 平均帧率: 25.0, 视频编解码器: h264, 音频编解码器: aac
分类: 安徽, 名称: 安徽公共, 有效: 0, IPv4: 2, IPv6: 0, 最小延迟: — ms, 最高速率: 0.00 MiB/s, 平均速率: 0.00 MiB/s, 最高分辨率: —, 平均帧率: 未知, 视频编解码器: 未知, 音频编解码器: 未知
分类: 安徽, 名称: 安徽国际, 有效: 1, IPv4: 3, IPv6: 0, 最小延迟: 351 ms, 最高速率: 0.55 MiB/s, 平均速率: 0.55 MiB/s, 最高分辨率: —, 平均帧率: 未知, 视频编解码器: 未知, 音频编解码器: 未知
分类: 安徽, 名称: 安徽经济生活, 有效: 0, IPv4: 1, IPv6: 0, 最小延迟: — ms, 最高速率: 0.00 MiB/s, 平均速率: 0.00 MiB/s, 最高分辨率: —, 平均帧率: 未知, 视频编解码器: 未知, 音频编解码器: 未知
分类: 安徽, 名称: 安徽影视, 有效: 0, IPv4: 3, IPv6: 0, 最小延迟: — ms, 最高速率: 0.00 MiB/s, 平均速率: 0.00 MiB/s, 最高分辨率: —, 平均帧率: 未知, 视频编解码器: 未知, 音频编解码器: 未知
分类: 安徽, 名称: 阜阳都市文艺, 有效: 0, IPv4: 1, IPv6: 0, 最小延迟: — ms, 最高速率: 0.00 MiB/s, 平均速率: 0.00 MiB/s, 最高分辨率: —, 平均帧率: 未知, 视频编解码器: 未知, 音频编解码器: 未知
分类: 安徽, 名称: 阜阳教育, 有效: 0, IPv4: 1, IPv6: 0, 最小延迟: — ms, 最高速率: 0.00 MiB/s, 平均速率: 0.00 MiB/s, 最高分辨率: —, 平均帧率: 未知, 视频编解码器: 未知, 音频编解码器: 未知
分类: 安徽, 名称: 阜阳生活, 有效: 0, IPv4: 1, IPv6: 0, 最小延迟: 451 ms, 最高速率: 0.23 MiB/s, 平均速率: 0.00 MiB/s, 最高分辨率: 720x576, 平均帧率: 25.0, 视频编解码器: h264, 音频编解码器: aac
分类: 安徽, 名称: 安徽综艺体育, 有效: 0, IPv4: 1, IPv6: 0, 最小延迟: — ms, 最高速率: 0.00 MiB/s, 平均速率: 0.00 MiB/s, 最高分辨率: —, 平均帧率: 未知, 视频编解码器: 未知, 音频编解码器: 未知
分类: 安徽, 名称: 淮南新闻综合, 有效: 0, IPv4: 2, IPv6: 0, 最小延迟: — ms, 最高速率: 0.00 MiB/s, 平均速率: 0.00 MiB/s, 最高分辨率: —, 平均帧率: 未知, 视频编解码器: 未知, 音频编解码器: 未知
分类: 安徽, 名称: 淮北新闻综合, 有效: 0, IPv4: 1, IPv6: 0, 最小延迟: 574 ms, 最高速率: 0.12 MiB/s, 平均速率: 0.00 MiB/s, 最高分辨率: —, 平均帧率: 未知, 视频编解码器: 未知, 音频编解码器: 未知
分类: 安徽, 名称: 马鞍山新闻综合, 有效: 0, IPv4: 1, IPv6: 0, 最小延迟: 1917 ms, 最高速率: 0.03 MiB/s, 平均速率: 0.00 MiB/s, 最高分辨率: —, 平均帧率: 未知, 视频编解码器: 未知, 音频编解码器: 未知
分类: 安徽, 名称: 合肥新闻, 有效: 0, IPv4: 1, IPv6: 0, 最小延迟: — ms, 最高速率: 0.00 MiB/s, 平均速率: 0.00 MiB/s, 最高分辨率: —, 平均帧率: 未知, 视频编解码器: 未知, 音频编解码器: 未知
分类: 安徽, 名称: 池州新闻综合, 有效: 0, IPv4: 2, IPv6: 0, 最小延迟: — ms, 最高速率: 0.00 MiB/s, 平均速率: 0.00 MiB/s, 最高分辨率: —, 平均帧率: 未知, 视频编解码器: 未知, 音频编解码器: 未知
分类: 安徽, 名称: 安庆新闻综合, 有效: 1, IPv4: 1, IPv6: 0, 最小延迟: 433 ms, 最高速率: 0.60 MiB/s, 平均速率: 0.60 MiB/s, 最高分辨率: 1280x720, 平均帧率: 25.0, 视频编解码器: h264, 音频编解码器: aac
分类: 安徽, 名称: 马鞍山科教生活, 有效: 1, IPv4: 1, IPv6: 0, 最小延迟: 378 ms, 最高速率: 0.60 MiB/s, 平均速率: 0.60 MiB/s, 最高分辨率: 1920x1080, 平均帧率: 25.0, 视频编解码器: h264, 音频编解码器: aac
分类: 安徽, 名称: 安庆经济生活, 有效: 0, IPv4: 1, IPv6: 0, 最小延迟: — ms, 最高速率: 0.00 MiB/s, 平均速率: 0.00 MiB/s, 最高分辨率: —, 平均帧率: 未知, 视频编解码器: 未知, 音频编解码器: 未知
分类: 安徽, 名称: 郎溪新闻综合, 有效: 0, IPv4: 1, IPv6: 0, 最小延迟: — ms, 最高速率: 0.00 MiB/s, 平均速率: 0.00 MiB/s, 最高分辨率: —, 平均帧率: 未知, 视频编解码器: 未知, 音频编解码器: 未知
分类: 安徽, 名称: 蒙城新闻, 有效: 0, IPv4: 2, IPv6: 0, 最小延迟: 515 ms, 最高速率: 0.42 MiB/s, 平均速率: 0.00 MiB/s, 最高分辨率: 1920x1080, 平均帧率: 25.0, 视频编解码器: h264, 音频编解码器: aac
分类: 安徽, 名称: 灵璧新闻综合, 有效: 0, IPv4: 1, IPv6: 0, 最小延迟: 849 ms, 最高速率: 0.11 MiB/s, 平均速率: 0.00 MiB/s, 最高分辨率: —, 平均帧率: 未知, 视频编解码器: 未知, 音频编解码器: 未知
分类: 安徽, 名称: 亳州综合, 有效: 0, IPv4: 1, IPv6: 0, 最小延迟: — ms, 最高速率: 0.00 MiB/s, 平均速率: 0.00 MiB/s, 最高分辨率: —, 平均帧率: 未知, 视频编解码器: 未知, 音频编解码器: 未知
分类: 安徽, 名称: 萧县新闻综合, 有效: 0, IPv4: 1, IPv6: 0, 最小延迟: 315 ms, 最高速率: 0.14 MiB/s, 平均速率: 0.00 MiB/s, 最高分辨率: —, 平均帧率: 未知, 视频编解码器: 未知, 音频编解码器: 未知
分类: 安徽, 名称: 祁门综合, 有效: 0, IPv4: 2, IPv6: 0, 最小延迟: 308 ms, 最高速率: 0.37 MiB/s, 平均速率: 0.00 MiB/s, 最高分辨率: 1920x1080, 平均帧率: 未知, 视频编解码器: h264, 音频编解码器: aac
分类: 安徽, 名称: 无为综合, 有效: 0, IPv4: 3, IPv6: 0, 最小延迟: — ms, 最高速率: 0.00 MiB/s, 平均速率: 0.00 MiB/s, 最高分辨率: —, 平均帧率: 未知, 视频编解码器: 未知, 音频编解码器: 未知
分类: 安徽, 名称: 含山新闻综合, 有效: 0, IPv4: 1, IPv6: 0, 最小延迟: — ms, 最高速率: 0.00 MiB/s, 平均速率: 0.00 MiB/s, 最高分辨率: —, 平均帧率: 未知, 视频编解码器: 未知, 音频编解码器: 未知
分类: 安徽, 名称: 泾县新闻综合, 有效: 0, IPv4: 1, IPv6: 0, 最小延迟: 1115 ms, 最高速率: 0.24 MiB/s, 平均速率: 0.00 MiB/s, 最高分辨率: 1920x1080, 平均帧率: 25.0, 视频编解码器: h264, 音频编解码器: aac
分类: 安徽, 名称: 固镇综合, 有效: 1, IPv4: 1, IPv6: 0, 最小延迟: 240 ms, 最高速率: 0.52 MiB/s, 平均速率: 0.52 MiB/s, 最高分辨率: 1920x1080, 平均帧率: 25.0, 视频编解码器: h264, 音频编解码器: aac
分类: 安徽, 名称: 肥东新闻综合, 有效: 0, IPv4: 1, IPv6: 0, 最小延迟: — ms, 最高速率: 0.00 MiB/s, 平均速率: 0.00 MiB/s, 最高分辨率: —, 平均帧率: 未知, 视频编解码器: 未知, 音频编解码器: 未知
分类: 安徽, 名称: 涡阳新闻综合, 有效: 0, IPv4: 2, IPv6: 0, 最小延迟: 480 ms, 最高速率: 0.15 MiB/s, 平均速率: 0.00 MiB/s, 最高分辨率: —, 平均帧率: 未知, 视频编解码器: 未知, 音频编解码器: 未知
分类: 安徽, 名称: 歙县综合, 有效: 0, IPv4: 1, IPv6: 0, 最小延迟: — ms, 最高速率: 0.00 MiB/s, 平均速率: 0.00 MiB/s, 最高分辨率: —, 平均帧率: 未知, 视频编解码器: 未知, 音频编解码器: 未知
分类: 安徽, 名称: 金寨综合, 有效: 0, IPv4: 1, IPv6: 0, 最小延迟: — ms, 最高速率: 0.00 MiB/s, 平均速率: 0.00 MiB/s, 最高分辨率: —, 平均帧率: 未知, 视频编解码器: 未知, 音频编解码器: 未知
分类: 安徽, 名称: 宿松新闻综合, 有效: 0, IPv4: 1, IPv6: 0, 最小延迟: — ms, 最高速率: 0.00 MiB/s, 平均速率: 0.00 MiB/s, 最高分辨率: —, 平均帧率: 未知, 视频编解码器: 未知, 音频编解码器: 未知
分类: 安徽, 名称: 太湖新闻综合, 有效: 0, IPv4: 1, IPv6: 0, 最小延迟: — ms, 最高速率: 0.00 MiB/s, 平均速率: 0.00 MiB/s, 最高分辨率: —, 平均帧率: 未知, 视频编解码器: 未知, 音频编解码器: 未知
分类: 安徽, 名称: 利辛新闻综合, 有效: 0, IPv4: 1, IPv6: 0, 最小延迟: — ms, 最高速率: 0.00 MiB/s, 平均速率: 0.00 MiB/s, 最高分辨率: —, 平均帧率: 未知, 视频编解码器: 未知, 音频编解码器: 未知
分类: 安徽, 名称: 绩溪新闻综合, 有效: 0, IPv4: 1, IPv6: 0, 最小延迟: — ms, 最高速率: 0.00 MiB/s, 平均速率: 0.00 MiB/s, 最高分辨率: —, 平均帧率: 未知, 视频编解码器: 未知, 音频编解码器: 未知
分类: 宁夏, 名称: 宁夏文旅, 有效: 0, IPv4: 1, IPv6: 0, 最小延迟: — ms, 最高速率: 0.00 MiB/s, 平均速率: 0.00 MiB/s, 最高分辨率: —, 平均帧率: 未知, 视频编解码器: 未知, 音频编解码器: 未知
分类: 宁夏, 名称: 宁夏公共, 有效: 0, IPv4: 1, IPv6: 0, 最小延迟: — ms, 最高速率: 0.00 MiB/s, 平均速率: 0.00 MiB/s, 最高分辨率: —, 平均帧率: 未知, 视频编解码器: 未知, 音频编解码器: 未知
分类: 吉林, 名称: 吉林都市, 有效: 0, IPv4: 3, IPv6: 0, 最小延迟: — ms, 最高速率: 0.00 MiB/s, 平均速率: 0.00 MiB/s, 最高分辨率: —, 平均帧率: 未知, 视频编解码器: 未知, 音频编解码器: 未知
分类: 吉林, 名称: 吉林生活, 有效: 0, IPv4: 3, IPv6: 0, 最小延迟: — ms, 最高速率: 0.00 MiB/s, 平均速率: 0.00 MiB/s, 最高分辨率: —, 平均帧率: 未知, 视频编解码器: 未知, 音频编解码器: 未知
分类: 吉林, 名称: 吉林影视, 有效: 0, IPv4: 3, IPv6: 0, 最小延迟: — ms, 最高速率: 0.00 MiB/s, 平均速率: 0.00 MiB/s, 最高分辨率: —, 平均帧率: 未知, 视频编解码器: 未知, 音频编解码器: 未知
分类: 吉林, 名称: 吉林乡村, 有效: 1, IPv4: 4, IPv6: 0, 最小延迟: 30 ms, 最高速率: 1.44 MiB/s, 平均速率: 1.44 MiB/s, 最高分辨率: —, 平均帧率: 未知, 视频编解码器: 未知, 音频编解码器: aac
分类: 吉林, 名称: 吉林综艺文化, 有效: 0, IPv4: 3, IPv6: 0, 最小延迟: 36 ms, 最高速率: 3.86 MiB/s, 平均速率: 0.00 MiB/s, 最高分辨率: 1024x576, 平均帧率: 25.0, 视频编解码器: h264, 音频编解码器: aac
分类: 吉林, 名称: 延边卫视, 有效: 2, IPv4: 11, IPv6: 0, 最小延迟: 105 ms, 最高速率: 6.57 MiB/s, 平均速率: 6.21 MiB/s, 最高分辨率: 1920x1080, 平均帧率: 25.0, 视频编解码器: h264, 音频编解码器: aac
分类: 吉林, 名称: 长春综合, 有效: 0, IPv4: 3, IPv6: 0, 最小延迟: 379 ms, 最高速率: 0.28 MiB/s, 平均速率: 0.00 MiB/s, 最高分辨率: 720x576, 平均帧率: 25.0, 视频编解码器: h264, 音频编解码器: aac
分类: 吉林, 名称: 通化新闻综合, 有效: 1, IPv4: 3, IPv6: 0, 最小延迟: 388 ms, 最高速率: 0.84 MiB/s, 平均速率: 0.84 MiB/s, 最高分辨率: 1280x720, 平均帧率: 25.0, 视频编解码器: h264, 音频编解码器: aac
分类: 吉林, 名称: 辽源新闻综合, 有效: 1, IPv4: 3, IPv6: 0, 最小延迟: 308 ms, 最高速率: 0.78 MiB/s, 平均速率: 0.78 MiB/s, 最高分辨率: 1280x720, 平均帧率: 25.0, 视频编解码器: h264, 音频编解码器: aac
分类: 吉林, 名称: 四平新闻综合, 有效: 0, IPv4: 2, IPv6: 0, 最小延迟: 282 ms, 最高速率: 0.57 MiB/s, 平均速率: 0.00 MiB/s, 最高分辨率: 720x576, 平均帧率: 25.0, 视频编解码器: h264, 音频编解码器: aac
分类: 吉林, 名称: 吉林教育, 有效: 0, IPv4: 2, IPv6: 0, 最小延迟: 392 ms, 最高速率: 0.36 MiB/s, 平均速率: 0.00 MiB/s, 最高分辨率: 1920x1080, 平均帧率: 50.0, 视频编解码器: h264, 音频编解码器: mp2
分类: 吉林, 名称: 白山新闻综合, 有效: 0, IPv4: 3, IPv6: 0, 最小延迟: 911 ms, 最高速率: 0.16 MiB/s, 平均速率: 0.00 MiB/s, 最高分辨率: —, 平均帧率: 未知, 视频编解码器: 未知, 音频编解码器: 未知
分类: 吉林, 名称: 白城新闻综合, 有效: 0, IPv4: 3, IPv6: 0, 最小延迟: — ms, 最高速率: 0.00 MiB/s, 平均速率: 0.00 MiB/s, 最高分辨率: —, 平均帧率: 未知, 视频编解码器: 未知, 音频编解码器: 未知
分类: 吉林, 名称: 吉林市新闻综合, 有效: 0, IPv4: 4, IPv6: 0, 最小延迟: 263 ms, 最高速率: 0.98 MiB/s, 平均速率: 0.00 MiB/s, 最高分辨率: 720x576, 平均帧率: 25.0, 视频编解码器: h264, 音频编解码器: aac
分类: 吉林, 名称: 松原新闻综合, 有效: 1, IPv4: 2, IPv6: 0, 最小延迟: 258 ms, 最高速率: 1.83 MiB/s, 平均速率: 1.83 MiB/s, 最高分辨率: 1280x720, 平均帧率: 25.0, 视频编解码器: h264, 音频编解码器: aac
分类: 吉林, 名称: 延边朝语, 有效: 0, IPv4: 1, IPv6: 0, 最小延迟: 863 ms, 最高速率: 0.19 MiB/s, 平均速率: 0.00 MiB/s, 最高分辨率: —, 平均帧率: 未知, 视频编解码器: 未知, 音频编解码器: 未知
分类: 吉林, 名称: 松原生活, 有效: 0, IPv4: 1, IPv6: 0, 最小延迟: 876 ms, 最高速率: 0.18 MiB/s, 平均速率: 0.00 MiB/s, 最高分辨率: —, 平均帧率: 未知, 视频编解码器: 未知, 音频编解码器: 未知
分类: 吉林, 名称: 汪清综合, 有效: 0, IPv4: 2, IPv6: 0, 最小延迟: 763 ms, 最高速率: 0.07 MiB/s, 平均速率: 0.00 MiB/s, 最高分辨率: —, 平均帧率: 未知, 视频编解码器: 未知, 音频编解码器: 未知
分类: 吉林, 名称: 延边汉语, 有效: 1, IPv4: 1, IPv6: 0, 最小延迟: 294 ms, 最高速率: 3.78 MiB/s, 平均速率: 3.78 MiB/s, 最高分辨率: 1920x1080, 平均帧率: 25.0, 视频编解码器: h264, 音频编解码器: aac
分类: 吉林, 名称: 靖宇综合, 有效: 0, IPv4: 2, IPv6: 0, 最小延迟: 342 ms, 最高速率: 0.38 MiB/s, 平均速率: 0.00 MiB/s, 最高分辨率: 720x576, 平均帧率: 25.0, 视频编解码器: h264, 音频编解码器: aac
分类: 吉林, 名称: 农安综合, 有效: 0, IPv4: 1, IPv6: 0, 最小延迟: 276 ms, 最高速率: 1.09 MiB/s, 平均速率: 0.00 MiB/s, 最高分辨率: 720x576, 平均帧率: 25.0, 视频编解码器: h264, 音频编解码器: aac
分类: 吉林, 名称: 图们综合, 有效: 0, IPv4: 1, IPv6: 0, 最小延迟: — ms, 最高速率: 0.00 MiB/s, 平均速率: 0.00 MiB/s, 最高分辨率: —, 平均帧率: 未知, 视频编解码器: 未知, 音频编解码器: 未知
分类: 吉林, 名称: 洮南综合, 有效: 0, IPv4: 2, IPv6: 0, 最小延迟: 580 ms, 最高速率: 0.40 MiB/s, 平均速率: 0.00 MiB/s, 最高分辨率: 720x576, 平均帧率: 25.0, 视频编解码器: h264, 音频编解码器: aac
分类: 吉林, 名称: 龙井综合, 有效: 0, IPv4: 2, IPv6: 0, 最小延迟: 255 ms, 最高速率: 0.11 MiB/s, 平均速率: 0.00 MiB/s, 最高分辨率: —, 平均帧率: 未知, 视频编解码器: 未知, 音频编解码器: 未知
分类: 吉林, 名称: 珲春综合, 有效: 0, IPv4: 2, IPv6: 0, 最小延迟: — ms, 最高速率: 0.00 MiB/s, 平均速率: 0.00 MiB/s, 最高分辨率: —, 平均帧率: 未知, 视频编解码器: 未知, 音频编解码器: 未知
分类: 吉林, 名称: 柳河综合, 有效: 0, IPv4: 4, IPv6: 0, 最小延迟: 340 ms, 最高速率: 0.76 MiB/s, 平均速率: 0.00 MiB/s, 最高分辨率: 720x576, 平均帧率: 25.0, 视频编解码器: h264, 音频编解码器: aac
分类: 吉林, 名称: 德惠综合, 有效: 0, IPv4: 2, IPv6: 0, 最小延迟: — ms, 最高速率: 0.00 MiB/s, 平均速率: 0.00 MiB/s, 最高分辨率: —, 平均帧率: 未知, 视频编解码器: 未知, 音频编解码器: 未知
分类: 吉林, 名称: 集安综合, 有效: 0, IPv4: 2, IPv6: 0, 最小延迟: 375 ms, 最高速率: 0.12 MiB/s, 平均速率: 0.00 MiB/s, 最高分辨率: —, 平均帧率: 未知, 视频编解码器: 未知, 音频编解码器: 未知
分类: 吉林, 名称: 延吉综合, 有效: 0, IPv4: 1, IPv6: 0, 最小延迟: 280 ms, 最高速率: 0.36 MiB/s, 平均速率: 0.00 MiB/s, 最高分辨率: 720x576, 平均帧率: 25.0, 视频编解码器: h264, 音频编解码器: aac
分类: 吉林, 名称: 磐石综合, 有效: 0, IPv4: 3, IPv6: 0, 最小延迟: 317 ms, 最高速率: 0.08 MiB/s, 平均速率: 0.00 MiB/s, 最高分辨率: —, 平均帧率: 未知, 视频编解码器: 未知, 音频编解码器: 未知
分类: 吉林, 名称: 梅河口综合, 有效: 0, IPv4: 1, IPv6: 0, 最小延迟: 248 ms, 最高速率: 0.11 MiB/s, 平均速率: 0.00 MiB/s, 最高分辨率: —, 平均帧率: 未知, 视频编解码器: 未知, 音频编解码器: 未知
分类: 吉林, 名称: 九台综合, 有效: 0, IPv4: 1, IPv6: 0, 最小延迟: 268 ms, 最高速率: 0.47 MiB/s, 平均速率: 0.00 MiB/s, 最高分辨率: 720x576, 平均帧率: 25.0, 视频编解码器: h264, 音频编解码器: aac
分类: 吉林, 名称: 伊通综合, 有效: 0, IPv4: 1, IPv6: 0, 最小延迟: 293 ms, 最高速率: 0.49 MiB/s, 平均速率: 0.00 MiB/s, 最高分辨率: 720x576, 平均帧率: 25.0, 视频编解码器: h264, 音频编解码器: aac
分类: 吉林, 名称: 东丰综合, 有效: 0, IPv4: 3, IPv6: 0, 最小延迟: 245 ms, 最高速率: 0.78 MiB/s, 平均速率: 0.00 MiB/s, 最高分辨率: 720x576, 平均帧率: 25.0, 视频编解码器: h264, 音频编解码器: aac
分类: 吉林, 名称: 永吉综合, 有效: 0, IPv4: 1, IPv6: 0, 最小延迟: 1237 ms, 最高速率: 0.30 MiB/s, 平均速率: 0.00 MiB/s, 最高分辨率: 720x576, 平均帧率: 25.0, 视频编解码器: h264, 音频编解码器: aac
分类: 吉林, 名称: 桦甸综合, 有效: 0, IPv4: 3, IPv6: 0, 最小延迟: 345 ms, 最高速率: 0.08 MiB/s, 平均速率: 0.00 MiB/s, 最高分辨率: —, 平均帧率: 未知, 视频编解码器: 未知, 音频编解码器: 未知
分类: 吉林, 名称: 公主岭综合, 有效: 0, IPv4: 1, IPv6: 0, 最小延迟: — ms, 最高速率: 0.00 MiB/s, 平均速率: 0.00 MiB/s, 最高分辨率: —, 平均帧率: 未知, 视频编解码器: 未知, 音频编解码器: 未知
分类: 吉林, 名称: 抚松综合, 有效: 0, IPv4: 2, IPv6: 0, 最小延迟: — ms, 最高速率: 0.00 MiB/s, 平均速率: 0.00 MiB/s, 最高分辨率: —, 平均帧率: 未知, 视频编解码器: 未知, 音频编解码器: 未知
分类: 吉林, 名称: 通化县综合, 有效: 0, IPv4: 1, IPv6: 0, 最小延迟: 300 ms, 最高速率: 0.07 MiB/s, 平均速率: 0.00 MiB/s, 最高分辨率: —, 平均帧率: 未知, 视频编解码器: 未知, 音频编解码器: 未知
分类: 吉林, 名称: 江源综合, 有效: 0, IPv4: 1, IPv6: 0, 最小延迟: 469 ms, 最高速率: 0.49 MiB/s, 平均速率: 0.00 MiB/s, 最高分辨率: 720x576, 平均帧率: 25.0, 视频编解码器: h264, 音频编解码器: aac
分类: 吉林, 名称: 榆树综合, 有效: 0, IPv4: 1, IPv6: 0, 最小延迟: — ms, 最高速率: 0.00 MiB/s, 平均速率: 0.00 MiB/s, 最高分辨率: —, 平均帧率: 未知, 视频编解码器: 未知, 音频编解码器: 未知
分类: 吉林, 名称: 双辽综合, 有效: 0, IPv4: 2, IPv6: 0, 最小延迟: 247 ms, 最高速率: 0.22 MiB/s, 平均速率: 0.00 MiB/s, 最高分辨率: 320x240, 平均帧率: 25.0, 视频编解码器: h264, 音频编解码器: aac
分类: 吉林, 名称: 辉南新闻综合, 有效: 0, IPv4: 1, IPv6: 0, 最小延迟: 490 ms, 最高速率: 0.92 MiB/s, 平均速率: 0.00 MiB/s, 最高分辨率: 720x576, 平均帧率: 25.0, 视频编解码器: h264, 音频编解码器: aac
分类: 吉林, 名称: 大安综合, 有效: 0, IPv4: 1, IPv6: 0, 最小延迟: — ms, 最高速率: 0.00 MiB/s, 平均速率: 0.00 MiB/s, 最高分辨率: —, 平均帧率: 未知, 视频编解码器: 未知, 音频编解码器: 未知
分类: 吉林, 名称: 乾安综合, 有效: 0, IPv4: 1, IPv6: 0, 最小延迟: 247 ms, 最高速率: 0.66 MiB/s, 平均速率: 0.00 MiB/s, 最高分辨率: 720x576, 平均帧率: 25.0, 视频编解码器: h264, 音频编解码器: aac
分类: 吉林, 名称: 前郭综合, 有效: 0, IPv4: 1, IPv6: 0, 最小延迟: — ms, 最高速率: 0.00 MiB/s, 平均速率: 0.00 MiB/s, 最高分辨率: —, 平均帧率: 未知, 视频编解码器: 未知, 音频编解码器: 未知
分类: 吉林, 名称: 通榆综合, 有效: 0, IPv4: 1, IPv6: 0, 最小延迟: 252 ms, 最高速率: 1.10 MiB/s, 平均速率: 0.00 MiB/s, 最高分辨率: 720x576, 平均帧率: 25.0, 视频编解码器: h264, 音频编解码器: aac
分类: 吉林, 名称: 临江综合, 有效: 0, IPv4: 1, IPv6: 0, 最小延迟: — ms, 最高速率: 0.00 MiB/s, 平均速率: 0.00 MiB/s, 最高分辨率: —, 平均帧率: 未知, 视频编解码器: 未知, 音频编解码器: 未知
分类: 吉林, 名称: 东辽综合, 有效: 0, IPv4: 2, IPv6: 0, 最小延迟: — ms, 最高速率: 0.00 MiB/s, 平均速率: 0.00 MiB/s, 最高分辨率: —, 平均帧率: 未知, 视频编解码器: 未知, 音频编解码器: 未知
分类: 吉林, 名称: 扶余综合, 有效: 0, IPv4: 1, IPv6: 0, 最小延迟: — ms, 最高速率: 0.00 MiB/s, 平均速率: 0.00 MiB/s, 最高分辨率: —, 平均帧率: 未知, 视频编解码器: 未知, 音频编解码器: 未知
分类: 吉林, 名称: 镇赉综合, 有效: 0, IPv4: 1, IPv6: 0, 最小延迟: — ms, 最高速率: 0.00 MiB/s, 平均速率: 0.00 MiB/s, 最高分辨率: —, 平均帧率: 未知, 视频编解码器: 未知, 音频编解码器: 未知
分类: 内蒙古, 名称: 内蒙古蒙古语卫视, 有效: 0, IPv4: 6, IPv6: 0, 最小延迟: 461 ms, 最高速率: 0.44 MiB/s, 平均速率: 0.00 MiB/s, 最高分辨率: 1920x1080, 平均帧率: 25.0, 视频编解码器: h264, 音频编解码器: aac
分类: 内蒙古, 名称: 内蒙古文体娱乐, 有效: 1, IPv4: 6, IPv6: 0, 最小延迟: 680 ms, 最高速率: 0.80 MiB/s, 平均速率: 0.80 MiB/s, 最高分辨率: 1920x1080, 平均帧率: 25.0, 视频编解码器: h264, 音频编解码器: aac
分类: 内蒙古, 名称: 内蒙古经济生活, 有效: 0, IPv4: 6, IPv6: 0, 最小延迟: 1067 ms, 最高速率: 0.33 MiB/s, 平均速率: 0.00 MiB/s, 最高分辨率: 1920x1080, 平均帧率: 25.0, 视频编解码器: h264, 音频编解码器: aac
分类: 内蒙古, 名称: 内蒙古新闻综合, 有效: 0, IPv4: 9, IPv6: 0, 最小延迟: 1115 ms, 最高速率: 0.33 MiB/s, 平均速率: 0.00 MiB/s, 最高分辨率: 1920x1080, 平均帧率: 25.0, 视频编解码器: h264, 音频编解码器: aac
分类: 内蒙古, 名称: 内蒙古农牧, 有效: 0, IPv4: 6, IPv6: 0, 最小延迟: 1648 ms, 最高速率: 0.08 MiB/s, 平均速率: 0.00 MiB/s, 最高分辨率: —, 平均帧率: 未知, 视频编解码器: 未知, 音频编解码器: 未知
分类: 内蒙古, 名称: 内蒙古少儿, 有效: 0, IPv4: 8, IPv6: 0, 最小延迟: 646 ms, 最高速率: 0.40 MiB/s, 平均速率: 0.00 MiB/s, 最高分辨率: 1920x1080, 平均帧率: 25.0, 视频编解码器: h264, 音频编解码器: aac
分类: 内蒙古, 名称: 内蒙古蒙古语文化, 有效: 0, IPv4: 6, IPv6: 0, 最小延迟: 1214 ms, 最高速率: 0.22 MiB/s, 平均速率: 0.00 MiB/s, 最高分辨率: 1920x1080, 平均帧率: 25.0, 视频编解码器: h264, 音频编解码器: aac
分类: 内蒙古, 名称: 兴安盟新闻综合, 有效: 0, IPv4: 9, IPv6: 0, 最小延迟: 1314 ms, 最高速率: 0.21 MiB/s, 平均速率: 0.00 MiB/s, 最高分辨率: 1920x1080, 平均帧率: 25.0, 视频编解码器: h264, 音频编解码器: aac
分类: 内蒙古, 名称: 呼和浩特新闻综合, 有效: 0, IPv4: 10, IPv6: 0, 最小延迟: 596 ms, 最高速率: 0.27 MiB/s, 平均速率: 0.00 MiB/s, 最高分辨率: 1920x1080, 平均帧率: 25.0, 视频编解码器: h264, 音频编解码器: aac
分类: 内蒙古, 名称: 呼伦贝尔新闻综合, 有效: 2, IPv4: 9, IPv6: 0, 最小延迟: 255 ms, 最高速率: 0.70 MiB/s, 平均速率: 0.69 MiB/s, 最高分辨率: 1920x1080, 平均帧率: 25.0, 视频编解码器: h264, 音频编解码器: aac
分类: 内蒙古, 名称: 呼和浩特影视娱乐, 有效: 0, IPv4: 1, IPv6: 0, 最小延迟: — ms, 最高速率: 0.00 MiB/s, 平均速率: 0.00 MiB/s, 最高分辨率: —, 平均帧率: 未知, 视频编解码器: 未知, 音频编解码器: 未知
分类: 内蒙古, 名称: 足球, 有效: 0, IPv4: 3, IPv6: 0, 最小延迟: — ms, 最高速率: 0.00 MiB/s, 平均速率: 0.00 MiB/s, 最高分辨率: —, 平均帧率: 未知, 视频编解码器: 未知, 音频编解码器: 未知
分类: 内蒙古, 名称: 乌兰察布新闻综合, 有效: 1, IPv4: 10, IPv6: 0, 最小延迟: 525 ms, 最高速率: 0.83 MiB/s, 平均速率: 0.83 MiB/s, 最高分辨率: 1920x1080, 平均帧率: 25.0, 视频编解码器: h264, 音频编解码器: aac
分类: 内蒙古, 名称: 乌兰察布经济生活, 有效: 0, IPv4: 1, IPv6: 0, 最小延迟: 859 ms, 最高速率: 0.06 MiB/s, 平均速率: 0.00 MiB/s, 最高分辨率: —, 平均帧率: 未知, 视频编解码器: 未知, 音频编解码器: 未知
分类: 内蒙古, 名称: 阿拉善新闻综合, 有效: 0, IPv4: 9, IPv6: 0, 最小延迟: 1397 ms, 最高速率: 0.15 MiB/s, 平均速率: 0.00 MiB/s, 最高分辨率: —, 平均帧率: 未知, 视频编解码器: 未知, 音频编解码器: 未知
分类: 内蒙古, 名称: 包头新闻综合, 有效: 0, IPv4: 10, IPv6: 0, 最小延迟: 1441 ms, 最高速率: 0.18 MiB/s, 平均速率: 0.00 MiB/s, 最高分辨率: —, 平均帧率: 未知, 视频编解码器: 未知, 音频编解码器: 未知
分类: 内蒙古, 名称: 锡林郭勒新闻综合, 有效: 0, IPv4: 9, IPv6: 0, 最小延迟: 1500 ms, 最高速率: 0.05 MiB/s, 平均速率: 0.00 MiB/s, 最高分辨率: —, 平均帧率: 未知, 视频编解码器: 未知, 音频编解码器: 未知
分类: 内蒙古, 名称: 鄂尔多斯新闻综合, 有效: 0, IPv4: 9, IPv6: 0, 最小延迟: 1251 ms, 最高速率: 0.22 MiB/s, 平均速率: 0.00 MiB/s, 最高分辨率: 1920x1080, 平均帧率: 25.0, 视频编解码器: h264, 音频编解码器: aac
分类: 内蒙古, 名称: 通辽新闻综合, 有效: 0, IPv4: 10, IPv6: 0, 最小延迟: 1010 ms, 最高速率: 0.24 MiB/s, 平均速率: 0.00 MiB/s, 最高分辨率: 1920x1080, 平均帧率: 25.0, 视频编解码器: h264, 音频编解码器: aac
分类: 内蒙古, 名称: 通辽城市服务, 有效: 0, IPv4: 1, IPv6: 0, 最小延迟: 1029 ms, 最高速率: 0.05 MiB/s, 平均速率: 0.00 MiB/s, 最高分辨率: —, 平均帧率: 未知, 视频编解码器: 未知, 音频编解码器: 未知
分类: 内蒙古, 名称: 巴彦淖尔新闻综合, 有效: 0, IPv4: 10, IPv6: 0, 最小延迟: 1164 ms, 最高速率: 0.33 MiB/s, 平均速率: 0.00 MiB/s, 最高分辨率: 1920x1080, 平均帧率: 25.0, 视频编解码器: h264, 音频编解码器: aac
分类: 内蒙古, 名称: 巴彦淖尔影视娱乐, 有效: 0, IPv4: 1, IPv6: 0, 最小延迟: — ms, 最高速率: 0.00 MiB/s, 平均速率: 0.00 MiB/s, 最高分辨率: —, 平均帧率: 未知, 视频编解码器: 未知, 音频编解码器: 未知
分类: 内蒙古, 名称: 巴彦淖尔经济生活, 有效: 0, IPv4: 1, IPv6: 0, 最小延迟: — ms, 最高速率: 0.00 MiB/s, 平均速率: 0.00 MiB/s, 最高分辨率: —, 平均帧率: 未知, 视频编解码器: 未知, 音频编解码器: 未知
分类: 内蒙古, 名称: 乌海新闻综合, 有效: 0, IPv4: 9, IPv6: 0, 最小延迟: 1582 ms, 最高速率: 0.07 MiB/s, 平均速率: 0.00 MiB/s, 最高分辨率: —, 平均帧率: 未知, 视频编解码器: 未知, 音频编解码器: 未知
分类: 内蒙古, 名称: 赤峰新闻综合, 有效: 0, IPv4: 11, IPv6: 0, 最小延迟: 1246 ms, 最高速率: 0.10 MiB/s, 平均速率: 0.00 MiB/s, 最高分辨率: —, 平均帧率: 未知, 视频编解码器: 未知, 音频编解码器: 未知
分类: 内蒙古, 名称: 赤峰经济服务, 有效: 0, IPv4: 1, IPv6: 0, 最小延迟: — ms, 最高速率: 0.00 MiB/s, 平均速率: 0.00 MiB/s, 最高分辨率: —, 平均帧率: 未知, 视频编解码器: 未知, 音频编解码器: 未知
分类: 内蒙古, 名称: 准格尔旗综合, 有效: 0, IPv4: 1, IPv6: 0, 最小延迟: — ms, 最高速率: 0.00 MiB/s, 平均速率: 0.00 MiB/s, 最高分辨率: —, 平均帧率: 未知, 视频编解码器: 未知, 音频编解码器: 未知
分类: 云南, 名称: 昆明教育, 有效: 0, IPv4: 1, IPv6: 0, 最小延迟: — ms, 最高速率: 0.00 MiB/s, 平均速率: 0.00 MiB/s, 最高分辨率: —, 平均帧率: 未知, 视频编解码器: 未知, 音频编解码器: 未知
分类: 云南, 名称: 云南娱乐, 有效: 0, IPv4: 1, IPv6: 0, 最小延迟: 1217 ms, 最高速率: 0.14 MiB/s, 平均速率: 0.00 MiB/s, 最高分辨率: —, 平均帧率: 未知, 视频编解码器: 未知, 音频编解码器: 未知
分类: 云南, 名称: 云南影视, 有效: 0, IPv4: 1, IPv6: 0, 最小延迟: 1504 ms, 最高速率: 0.04 MiB/s, 平均速率: 0.00 MiB/s, 最高分辨率: —, 平均帧率: 未知, 视频编解码器: 未知, 音频编解码器: 未知
分类: 云南, 名称: 云南都市, 有效: 0, IPv4: 1, IPv6: 0, 最小延迟: 1675 ms, 最高速率: 0.16 MiB/s, 平均速率: 0.00 MiB/s, 最高分辨率: —, 平均帧率: 未知, 视频编解码器: 未知, 音频编解码器: 未知
分类: 云南, 名称: 保山新闻综合, 有效: 0, IPv4: 1, IPv6: 0, 最小延迟: 1485 ms, 最高速率: 0.14 MiB/s, 平均速率: 0.00 MiB/s, 最高分辨率: —, 平均帧率: 未知, 视频编解码器: 未知, 音频编解码器: 未知
分类: 云南, 名称: 德宏综合, 有效: 0, IPv4: 1, IPv6: 0, 最小延迟: — ms, 最高速率: 0.00 MiB/s, 平均速率: 0.00 MiB/s, 最高分辨率: —, 平均帧率: 未知, 视频编解码器: 未知, 音频编解码器: 未知
分类: 云南, 名称: 云南康旅, 有效: 0, IPv4: 1, IPv6: 0, 最小延迟: 1993 ms, 最高速率: 0.01 MiB/s, 平均速率: 0.00 MiB/s, 最高分辨率: —, 平均帧率: 未知, 视频编解码器: 未知, 音频编解码器: 未知
分类: 云南, 名称: 昭通综合, 有效: 0, IPv4: 1, IPv6: 0, 最小延迟: 1625 ms, 最高速率: 0.09 MiB/s, 平均速率: 0.00 MiB/s, 最高分辨率: —, 平均帧率: 未知, 视频编解码器: 未知, 音频编解码器: 未知
分类: 云南, 名称: 澜湄国际, 有效: 0, IPv4: 1, IPv6: 0, 最小延迟: — ms, 最高速率: 0.00 MiB/s, 平均速率: 0.00 MiB/s, 最高分辨率: —, 平均帧率: 未知, 视频编解码器: 未知, 音频编解码器: 未知
分类: 云南, 名称: 大理新闻综合, 有效: 0, IPv4: 1, IPv6: 0, 最小延迟: 895 ms, 最高速率: 0.13 MiB/s, 平均速率: 0.00 MiB/s, 最高分辨率: —, 平均帧率: 未知, 视频编解码器: 未知, 音频编解码器: 未知
分类: 云南, 名称: 红河新闻综合, 有效: 0, IPv4: 2, IPv6: 0, 最小延迟: 1484 ms, 最高速率: 0.12 MiB/s, 平均速率: 0.00 MiB/s, 最高分辨率: —, 平均帧率: 未知, 视频编解码器: 未知, 音频编解码器: 未知
分类: 云南, 名称: 怒江综合, 有效: 0, IPv4: 2, IPv6: 0, 最小延迟: 1934 ms, 最高速率: 0.02 MiB/s, 平均速率: 0.00 MiB/s, 最高分辨率: —, 平均帧率: 未知, 视频编解码器: 未知, 音频编解码器: 未知
分类: 云南, 名称: 迪庆新闻综合, 有效: 0, IPv4: 1, IPv6: 0, 最小延迟: 331 ms, 最高速率: 0.33 MiB/s, 平均速率: 0.00 MiB/s, 最高分辨率: 1920x1080, 平均帧率: 25.0, 视频编解码器: h264, 音频编解码器: aac
分类: 云南, 名称: 巍山综合, 有效: 0, IPv4: 1, IPv6: 0, 最小延迟: 1617 ms, 最高速率: 0.10 MiB/s, 平均速率: 0.00 MiB/s, 最高分辨率: —, 平均帧率: 未知, 视频编解码器: 未知, 音频编解码器: 未知
分类: 云南, 名称: 楚雄新闻, 有效: 0, IPv4: 1, IPv6: 0, 最小延迟: — ms, 最高速率: 0.00 MiB/s, 平均速率: 0.00 MiB/s, 最高分辨率: —, 平均帧率: 未知, 视频编解码器: 未知, 音频编解码器: 未知
分类: 云南, 名称: 易门综合, 有效: 1, IPv4: 3, IPv6: 0, 最小延迟: 264 ms, 最高速率: 1.14 MiB/s, 平均速率: 1.14 MiB/s, 最高分辨率: 1920x1080, 平均帧率: 30.0, 视频编解码器: h264, 音频编解码器: aac
分类: 云南, 名称: 迪庆藏语, 有效: 1, IPv4: 1, IPv6: 0, 最小延迟: 222 ms, 最高速率: 0.74 MiB/s, 平均速率: 0.74 MiB/s, 最高分辨率: 1920x1080, 平均帧率: 25.0, 视频编解码器: h264, 音频编解码器: aac
分类: 云南, 名称: 元江综合, 有效: 0, IPv4: 1, IPv6: 0, 最小延迟: — ms, 最高速率: 0.00 MiB/s, 平均速率: 0.00 MiB/s, 最高分辨率: —, 平均帧率: 未知, 视频编解码器: 未知, 音频编解码器: 未知
分类: 云南, 名称: 绿春综合, 有效: 0, IPv4: 2, IPv6: 0, 最小延迟: — ms, 最高速率: 0.00 MiB/s, 平均速率: 0.00 MiB/s, 最高分辨率: —, 平均帧率: 未知, 视频编解码器: 未知, 音频编解码器: 未知
分类: 云南, 名称: 通海电视台, 有效: 1, IPv4: 1, IPv6: 0, 最小延迟: 996 ms, 最高速率: 1.22 MiB/s, 平均速率: 1.22 MiB/s, 最高分辨率: 1920x1080, 平均帧率: 25.0, 视频编解码器: h264, 音频编解码器: aac
分类: 云南, 名称: 麻栗坡综合, 有效: 0, IPv4: 1, IPv6: 0, 最小延迟: — ms, 最高速率: 0.00 MiB/s, 平均速率: 0.00 MiB/s, 最高分辨率: —, 平均帧率: 未知, 视频编解码器: 未知, 音频编解码器: 未知
分类: 云南, 名称: 龙陵综合, 有效: 0, IPv4: 1, IPv6: 0, 最小延迟: — ms, 最高速率: 0.00 MiB/s, 平均速率: 0.00 MiB/s, 最高分辨率: —, 平均帧率: 未知, 视频编解码器: 未知, 音频编解码器: 未知
分类: 云南, 名称: 陇川综合, 有效: 0, IPv4: 3, IPv6: 0, 最小延迟: — ms, 最高速率: 0.00 MiB/s, 平均速率: 0.00 MiB/s, 最高分辨率: —, 平均帧率: 未知, 视频编解码器: 未知, 音频编解码器: 未知
分类: 云南, 名称: 云龙综合, 有效: 1, IPv4: 1, IPv6: 0, 最小延迟: 284 ms, 最高速率: 1.21 MiB/s, 平均速率: 1.21 MiB/s, 最高分辨率: 1920x1080, 平均帧率: 25.0, 视频编解码器: h264, 音频编解码器: aac
分类: 云南, 名称: 泸水综合, 有效: 0, IPv4: 2, IPv6: 0, 最小延迟: — ms, 最高速率: 0.00 MiB/s, 平均速率: 0.00 MiB/s, 最高分辨率: —, 平均帧率: 未知, 视频编解码器: 未知, 音频编解码器: 未知
分类: 云南, 名称: 洱源综合, 有效: 0, IPv4: 1, IPv6: 0, 最小延迟: — ms, 最高速率: 0.00 MiB/s, 平均速率: 0.00 MiB/s, 最高分辨率: —, 平均帧率: 未知, 视频编解码器: 未知, 音频编解码器: 未知
分类: 云南, 名称: 福贡综合, 有效: 0, IPv4: 2, IPv6: 0, 最小延迟: — ms, 最高速率: 0.00 MiB/s, 平均速率: 0.00 MiB/s, 最高分辨率: —, 平均帧率: 未知, 视频编解码器: 未知, 音频编解码器: 未知
分类: 云南, 名称: 华坪综合, 有效: 0, IPv4: 1, IPv6: 0, 最小延迟: — ms, 最高速率: 0.00 MiB/s, 平均速率: 0.00 MiB/s, 最高分辨率: —, 平均帧率: 未知, 视频编解码器: 未知, 音频编解码器: 未知
分类: 云南, 名称: 贡山综合, 有效: 0, IPv4: 2, IPv6: 0, 最小延迟: — ms, 最高速率: 0.00 MiB/s, 平均速率: 0.00 MiB/s, 最高分辨率: —, 平均帧率: 未知, 视频编解码器: 未知, 音频编解码器: 未知
分类: 云南, 名称: 耿马综合, 有效: 1, IPv4: 1, IPv6: 0, 最小延迟: 531 ms, 最高速率: 2.98 MiB/s, 平均速率: 2.98 MiB/s, 最高分辨率: 1280x720, 平均帧率: 25.0, 视频编解码器: h264, 音频编解码器: aac
分类: 青海, 名称: 青海都市, 有效: 0, IPv4: 1, IPv6: 0, 最小延迟: — ms, 最高速率: 0.00 MiB/s, 平均速率: 0.00 MiB/s, 最高分辨率: —, 平均帧率: 未知, 视频编解码器: 未知, 音频编解码器: 未知
分类: 青海, 名称: 青海经视, 有效: 0, IPv4: 1, IPv6: 0, 最小延迟: — ms, 最高速率: 0.00 MiB/s, 平均速率: 0.00 MiB/s, 最高分辨率: —, 平均帧率: 未知, 视频编解码器: 未知, 音频编解码器: 未知
分类: 青海, 名称: 化隆综合, 有效: 0, IPv4: 1, IPv6: 0, 最小延迟: — ms, 最高速率: 0.00 MiB/s, 平均速率: 0.00 MiB/s, 最高分辨率: —, 平均帧率: 未知, 视频编解码器: 未知, 音频编解码器: 未知
分类: 青海, 名称: 民和综合, 有效: 0, IPv4: 1, IPv6: 0, 最小延迟: — ms, 最高速率: 0.00 MiB/s, 平均速率: 0.00 MiB/s, 最高分辨率: —, 平均帧率: 未知, 视频编解码器: 未知, 音频编解码器: 未知
分类: 青海, 名称: 门源综合, 有效: 0, IPv4: 1, IPv6: 0, 最小延迟: — ms, 最高速率: 0.00 MiB/s, 平均速率: 0.00 MiB/s, 最高分辨率: —, 平均帧率: 未知, 视频编解码器: 未知, 音频编解码器: 未知
分类: 青海, 名称: 兴海综合, 有效: 0, IPv4: 1, IPv6: 0, 最小延迟: — ms, 最高速率: 0.00 MiB/s, 平均速率: 0.00 MiB/s, 最高分辨率: —, 平均帧率: 未知, 视频编解码器: 未知, 音频编解码器: 未知
分类: 青海, 名称: 贵南综合, 有效: 0, IPv4: 1, IPv6: 0, 最小延迟: — ms, 最高速率: 0.00 MiB/s, 平均速率: 0.00 MiB/s, 最高分辨率: —, 平均帧率: 未知, 视频编解码器: 未知, 音频编解码器: 未知
分类: 黑龙江, 名称: 哈尔滨生活, 有效: 0, IPv4: 4, IPv6: 0, 最小延迟: 308 ms, 最高速率: 0.55 MiB/s, 平均速率: 0.00 MiB/s, 最高分辨率: 640x480, 平均帧率: 25.0, 视频编解码器: h264, 音频编解码器: aac
分类: 黑龙江, 名称: 哈尔滨新闻综合, 有效: 0, IPv4: 4, IPv6: 0, 最小延迟: — ms, 最高速率: 0.00 MiB/s, 平均速率: 0.00 MiB/s, 最高分辨率: —, 平均帧率: 未知, 视频编解码器: 未知, 音频编解码器: 未知
分类: 黑龙江, 名称: 黑龙江少儿, 有效: 0, IPv4: 1, IPv6: 0, 最小延迟: — ms, 最高速率: 0.00 MiB/s, 平均速率: 0.00 MiB/s, 最高分辨率: —, 平均帧率: 未知, 视频编解码器: 未知, 音频编解码器: 未知
分类: 黑龙江, 名称: 哈尔滨影视, 有效: 0, IPv4: 4, IPv6: 0, 最小延迟: 373 ms, 最高速率: 0.24 MiB/s, 平均速率: 0.00 MiB/s, 最高分辨率: 640x480, 平均帧率: 25.0, 视频编解码器: h264, 音频编解码器: aac
分类: 黑龙江, 名称: 大庆新闻综合, 有效: 0, IPv4: 2, IPv6: 0, 最小延迟: 677 ms, 最高速率: 0.03 MiB/s, 平均速率: 0.00 MiB/s, 最高分辨率: —, 平均帧率: 未知, 视频编解码器: 未知, 音频编解码器: 未知
分类: 黑龙江, 名称: 牡丹江新闻综合, 有效: 0, IPv4: 1, IPv6: 0, 最小延迟: — ms, 最高速率: 0.00 MiB/s, 平均速率: 0.00 MiB/s, 最高分辨率: —, 平均帧率: 未知, 视频编解码器: 未知, 音频编解码器: 未知
分类: 黑龙江, 名称: 七台河新闻综合, 有效: 0, IPv4: 3, IPv6: 0, 最小延迟: — ms, 最高速率: 0.00 MiB/s, 平均速率: 0.00 MiB/s, 最高分辨率: —, 平均帧率: 未知, 视频编解码器: 未知, 音频编解码器: 未知
分类: 黑龙江, 名称: 鹤岗新闻综合, 有效: 0, IPv4: 2, IPv6: 0, 最小延迟: — ms, 最高速率: 0.00 MiB/s, 平均速率: 0.00 MiB/s, 最高分辨率: —, 平均帧率: 未知, 视频编解码器: 未知, 音频编解码器: 未知
分类: 黑龙江, 名称: 齐齐哈尔新闻综合, 有效: 0, IPv4: 2, IPv6: 0, 最小延迟: — ms, 最高速率: 0.00 MiB/s, 平均速率: 0.00 MiB/s, 最高分辨率: —, 平均帧率: 未知, 视频编解码器: 未知, 音频编解码器: 未知
分类: 黑龙江, 名称: 伊春新闻综合, 有效: 0, IPv4: 2, IPv6: 0, 最小延迟: — ms, 最高速率: 0.00 MiB/s, 平均速率: 0.00 MiB/s, 最高分辨率: —, 平均帧率: 未知, 视频编解码器: 未知, 音频编解码器: 未知
分类: 黑龙江, 名称: 鸡西新闻综合, 有效: 0, IPv4: 1, IPv6: 0, 最小延迟: — ms, 最高速率: 0.00 MiB/s, 平均速率: 0.00 MiB/s, 最高分辨率: —, 平均帧率: 未知, 视频编解码器: 未知, 音频编解码器: 未知
分类: 黑龙江, 名称: 绥化新闻综合, 有效: 0, IPv4: 2, IPv6: 0, 最小延迟: — ms, 最高速率: 0.00 MiB/s, 平均速率: 0.00 MiB/s, 最高分辨率: —, 平均帧率: 未知, 视频编解码器: 未知, 音频编解码器: 未知
分类: 黑龙江, 名称: 大兴安岭新闻综合, 有效: 0, IPv4: 2, IPv6: 0, 最小延迟: — ms, 最高速率: 0.00 MiB/s, 平均速率: 0.00 MiB/s, 最高分辨率: —, 平均帧率: 未知, 视频编解码器: 未知, 音频编解码器: 未知
分类: 黑龙江, 名称: 佳木斯新闻综合, 有效: 0, IPv4: 1, IPv6: 0, 最小延迟: — ms, 最高速率: 0.00 MiB/s, 平均速率: 0.00 MiB/s, 最高分辨率: —, 平均帧率: 未知, 视频编解码器: 未知, 音频编解码器: 未知
分类: 黑龙江, 名称: 黑河新闻综合, 有效: 0, IPv4: 2, IPv6: 0, 最小延迟: — ms, 最高速率: 0.00 MiB/s, 平均速率: 0.00 MiB/s, 最高分辨率: —, 平均帧率: 未知, 视频编解码器: 未知, 音频编解码器: 未知
分类: 黑龙江, 名称: 依安综合, 有效: 0, IPv4: 1, IPv6: 0, 最小延迟: — ms, 最高速率: 0.00 MiB/s, 平均速率: 0.00 MiB/s, 最高分辨率: —, 平均帧率: 未知, 视频编解码器: 未知, 音频编解码器: 未知
分类: 黑龙江, 名称: 宁安综合, 有效: 0, IPv4: 2, IPv6: 0, 最小延迟: — ms, 最高速率: 0.00 MiB/s, 平均速率: 0.00 MiB/s, 最高分辨率: —, 平均帧率: 未知, 视频编解码器: 未知, 音频编解码器: 未知
分类: 黑龙江, 名称: 嫩江综合, 有效: 0, IPv4: 1, IPv6: 0, 最小延迟: — ms, 最高速率: 0.00 MiB/s, 平均速率: 0.00 MiB/s, 最高分辨率: —, 平均帧率: 未知, 视频编解码器: 未知, 音频编解码器: 未知
分类: 黑龙江, 名称: 孙吴综合, 有效: 0, IPv4: 2, IPv6: 0, 最小延迟: — ms, 最高速率: 0.00 MiB/s, 平均速率: 0.00 MiB/s, 最高分辨率: —, 平均帧率: 未知, 视频编解码器: 未知, 音频编解码器: 未知
分类: 黑龙江, 名称: 绥棱综合, 有效: 0, IPv4: 2, IPv6: 0, 最小延迟: — ms, 最高速率: 0.00 MiB/s, 平均速率: 0.00 MiB/s, 最高分辨率: —, 平均帧率: 未知, 视频编解码器: 未知, 音频编解码器: 未知
分类: 黑龙江, 名称: 林甸综合, 有效: 0, IPv4: 2, IPv6: 0, 最小延迟: — ms, 最高速率: 0.00 MiB/s, 平均速率: 0.00 MiB/s, 最高分辨率: —, 平均帧率: 未知, 视频编解码器: 未知, 音频编解码器: 未知
分类: 黑龙江, 名称: 饶河综合, 有效: 0, IPv4: 2, IPv6: 0, 最小延迟: — ms, 最高速率: 0.00 MiB/s, 平均速率: 0.00 MiB/s, 最高分辨率: —, 平均帧率: 未知, 视频编解码器: 未知, 音频编解码器: 未知
分类: 黑龙江, 名称: 泰来综合, 有效: 0, IPv4: 2, IPv6: 0, 最小延迟: — ms, 最高速率: 0.00 MiB/s, 平均速率: 0.00 MiB/s, 最高分辨率: —, 平均帧率: 未知, 视频编解码器: 未知, 音频编解码器: 未知
分类: 黑龙江, 名称: 龙江综合, 有效: 0, IPv4: 2, IPv6: 0, 最小延迟: — ms, 最高速率: 0.00 MiB/s, 平均速率: 0.00 MiB/s, 最高分辨率: —, 平均帧率: 未知, 视频编解码器: 未知, 音频编解码器: 未知
分类: 黑龙江, 名称: 宝清综合, 有效: 0, IPv4: 2, IPv6: 0, 最小延迟: — ms, 最高速率: 0.00 MiB/s, 平均速率: 0.00 MiB/s, 最高分辨率: —, 平均帧率: 未知, 视频编解码器: 未知, 音频编解码器: 未知
分类: 黑龙江, 名称: 友谊综合, 有效: 0, IPv4: 2, IPv6: 0, 最小延迟: — ms, 最高速率: 0.00 MiB/s, 平均速率: 0.00 MiB/s, 最高分辨率: —, 平均帧率: 未知, 视频编解码器: 未知, 音频编解码器: 未知
分类: 黑龙江, 名称: 尚志综合, 有效: 0, IPv4: 2, IPv6: 0, 最小延迟: — ms, 最高速率: 0.00 MiB/s, 平均速率: 0.00 MiB/s, 最高分辨率: —, 平均帧率: 未知, 视频编解码器: 未知, 音频编解码器: 未知
分类: 黑龙江, 名称: 五常综合, 有效: 0, IPv4: 2, IPv6: 0, 最小延迟: — ms, 最高速率: 0.00 MiB/s, 平均速率: 0.00 MiB/s, 最高分辨率: —, 平均帧率: 未知, 视频编解码器: 未知, 音频编解码器: 未知
分类: 黑龙江, 名称: 宾县综合, 有效: 0, IPv4: 2, IPv6: 0, 最小延迟: — ms, 最高速率: 0.00 MiB/s, 平均速率: 0.00 MiB/s, 最高分辨率: —, 平均帧率: 未知, 视频编解码器: 未知, 音频编解码器: 未知
分类: 黑龙江, 名称: 依兰综合, 有效: 0, IPv4: 1, IPv6: 0, 最小延迟: — ms, 最高速率: 0.00 MiB/s, 平均速率: 0.00 MiB/s, 最高分辨率: —, 平均帧率: 未知, 视频编解码器: 未知, 音频编解码器: 未知
分类: 黑龙江, 名称: 巴彦综合, 有效: 0, IPv4: 2, IPv6: 0, 最小延迟: — ms, 最高速率: 0.00 MiB/s, 平均速率: 0.00 MiB/s, 最高分辨率: —, 平均帧率: 未知, 视频编解码器: 未知, 音频编解码器: 未知
分类: 黑龙江, 名称: 安达综合, 有效: 0, IPv4: 2, IPv6: 0, 最小延迟: — ms, 最高速率: 0.00 MiB/s, 平均速率: 0.00 MiB/s, 最高分辨率: —, 平均帧率: 未知, 视频编解码器: 未知, 音频编解码器: 未知
分类: 黑龙江, 名称: 肇东综合, 有效: 0, IPv4: 2, IPv6: 0, 最小延迟: — ms, 最高速率: 0.00 MiB/s, 平均速率: 0.00 MiB/s, 最高分辨率: —, 平均帧率: 未知, 视频编解码器: 未知, 音频编解码器: 未知
分类: 黑龙江, 名称: 海伦综合, 有效: 0, IPv4: 2, IPv6: 0, 最小延迟: — ms, 最高速率: 0.00 MiB/s, 平均速率: 0.00 MiB/s, 最高分辨率: —, 平均帧率: 未知, 视频编解码器: 未知, 音频编解码器: 未知
分类: 黑龙江, 名称: 明水综合, 有效: 0, IPv4: 2, IPv6: 0, 最小延迟: — ms, 最高速率: 0.00 MiB/s, 平均速率: 0.00 MiB/s, 最高分辨率: —, 平均帧率: 未知, 视频编解码器: 未知, 音频编解码器: 未知
分类: 黑龙江, 名称: 虎林综合, 有效: 0, IPv4: 2, IPv6: 0, 最小延迟: — ms, 最高速率: 0.00 MiB/s, 平均速率: 0.00 MiB/s, 最高分辨率: —, 平均帧率: 未知, 视频编解码器: 未知, 音频编解码器: 未知
分类: 黑龙江, 名称: 鸡东综合, 有效: 0, IPv4: 2, IPv6: 0, 最小延迟: — ms, 最高速率: 0.00 MiB/s, 平均速率: 0.00 MiB/s, 最高分辨率: —, 平均帧率: 未知, 视频编解码器: 未知, 音频编解码器: 未知
分类: 黑龙江, 名称: 同江综合, 有效: 0, IPv4: 2, IPv6: 0, 最小延迟: — ms, 最高速率: 0.00 MiB/s, 平均速率: 0.00 MiB/s, 最高分辨率: —, 平均帧率: 未知, 视频编解码器: 未知, 音频编解码器: 未知
分类: 黑龙江, 名称: 富锦综合, 有效: 0, IPv4: 1, IPv6: 0, 最小延迟: — ms, 最高速率: 0.00 MiB/s, 平均速率: 0.00 MiB/s, 最高分辨率: —, 平均帧率: 未知, 视频编解码器: 未知, 音频编解码器: 未知
分类: 黑龙江, 名称: 桦川综合, 有效: 0, IPv4: 1, IPv6: 0, 最小延迟: — ms, 最高速率: 0.00 MiB/s, 平均速率: 0.00 MiB/s, 最高分辨率: —, 平均帧率: 未知, 视频编解码器: 未知, 音频编解码器: 未知
分类: 黑龙江, 名称: 抚远综合, 有效: 0, IPv4: 1, IPv6: 0, 最小延迟: — ms, 最高速率: 0.00 MiB/s, 平均速率: 0.00 MiB/s, 最高分辨率: —, 平均帧率: 未知, 视频编解码器: 未知, 音频编解码器: 未知
分类: 黑龙江, 名称: 桦南综合, 有效: 0, IPv4: 2, IPv6: 0, 最小延迟: — ms, 最高速率: 0.00 MiB/s, 平均速率: 0.00 MiB/s, 最高分辨率: —, 平均帧率: 未知, 视频编解码器: 未知, 音频编解码器: 未知
分类: 黑龙江, 名称: 汤原综合, 有效: 0, IPv4: 2, IPv6: 0, 最小延迟: — ms, 最高速率: 0.00 MiB/s, 平均速率: 0.00 MiB/s, 最高分辨率: —, 平均帧率: 未知, 视频编解码器: 未知, 音频编解码器: 未知
分类: 黑龙江, 名称: 勃利综合, 有效: 0, IPv4: 2, IPv6: 0, 最小延迟: — ms, 最高速率: 0.00 MiB/s, 平均速率: 0.00 MiB/s, 最高分辨率: —, 平均帧率: 未知, 视频编解码器: 未知, 音频编解码器: 未知
分类: 黑龙江, 名称: 萝北综合, 有效: 0, IPv4: 1, IPv6: 0, 最小延迟: — ms, 最高速率: 0.00 MiB/s, 平均速率: 0.00 MiB/s, 最高分辨率: —, 平均帧率: 未知, 视频编解码器: 未知, 音频编解码器: 未知
分类: 黑龙江, 名称: 克山综合, 有效: 0, IPv4: 2, IPv6: 0, 最小延迟: — ms, 最高速率: 0.00 MiB/s, 平均速率: 0.00 MiB/s, 最高分辨率: —, 平均帧率: 未知, 视频编解码器: 未知, 音频编解码器: 未知
分类: 黑龙江, 名称: 克东综合, 有效: 0, IPv4: 2, IPv6: 0, 最小延迟: — ms, 最高速率: 0.00 MiB/s, 平均速率: 0.00 MiB/s, 最高分辨率: —, 平均帧率: 未知, 视频编解码器: 未知, 音频编解码器: 未知
分类: 黑龙江, 名称: 讷河综合, 有效: 0, IPv4: 2, IPv6: 0, 最小延迟: — ms, 最高速率: 0.00 MiB/s, 平均速率: 0.00 MiB/s, 最高分辨率: —, 平均帧率: 未知, 视频编解码器: 未知, 音频编解码器: 未知
分类: 黑龙江, 名称: 拜泉综合, 有效: 0, IPv4: 2, IPv6: 0, 最小延迟: — ms, 最高速率: 0.00 MiB/s, 平均速率: 0.00 MiB/s, 最高分辨率: —, 平均帧率: 未知, 视频编解码器: 未知, 音频编解码器: 未知
分类: 黑龙江, 名称: 富裕综合, 有效: 0, IPv4: 2, IPv6: 0, 最小延迟: — ms, 最高速率: 0.00 MiB/s, 平均速率: 0.00 MiB/s, 最高分辨率: —, 平均帧率: 未知, 视频编解码器: 未知, 音频编解码器: 未知
分类: 黑龙江, 名称: 通河综合, 有效: 0, IPv4: 2, IPv6: 0, 最小延迟: — ms, 最高速率: 0.00 MiB/s, 平均速率: 0.00 MiB/s, 最高分辨率: —, 平均帧率: 未知, 视频编解码器: 未知, 音频编解码器: 未知
分类: 黑龙江, 名称: 杜尔伯特综合, 有效: 0, IPv4: 1, IPv6: 0, 最小延迟: — ms, 最高速率: 0.00 MiB/s, 平均速率: 0.00 MiB/s, 最高分辨率: —, 平均帧率: 未知, 视频编解码器: 未知, 音频编解码器: 未知
分类: 黑龙江, 名称: 嘉荫综合, 有效: 0, IPv4: 2, IPv6: 0, 最小延迟: — ms, 最高速率: 0.00 MiB/s, 平均速率: 0.00 MiB/s, 最高分辨率: —, 平均帧率: 未知, 视频编解码器: 未知, 音频编解码器: 未知
分类: 黑龙江, 名称: 海林综合, 有效: 0, IPv4: 2, IPv6: 0, 最小延迟: — ms, 最高速率: 0.00 MiB/s, 平均速率: 0.00 MiB/s, 最高分辨率: —, 平均帧率: 未知, 视频编解码器: 未知, 音频编解码器: 未知
分类: 黑龙江, 名称: 肇州综合, 有效: 0, IPv4: 1, IPv6: 0, 最小延迟: — ms, 最高速率: 0.00 MiB/s, 平均速率: 0.00 MiB/s, 最高分辨率: —, 平均帧率: 未知, 视频编解码器: 未知, 音频编解码器: 未知
分类: 黑龙江, 名称: 东宁综合, 有效: 0, IPv4: 2, IPv6: 0, 最小延迟: — ms, 最高速率: 0.00 MiB/s, 平均速率: 0.00 MiB/s, 最高分辨率: —, 平均帧率: 未知, 视频编解码器: 未知, 音频编解码器: 未知
分类: 黑龙江, 名称: 庆安综合, 有效: 0, IPv4: 2, IPv6: 0, 最小延迟: — ms, 最高速率: 0.00 MiB/s, 平均速率: 0.00 MiB/s, 最高分辨率: —, 平均帧率: 未知, 视频编解码器: 未知, 音频编解码器: 未知
分类: 黑龙江, 名称: 望奎综合, 有效: 0, IPv4: 2, IPv6: 0, 最小延迟: — ms, 最高速率: 0.00 MiB/s, 平均速率: 0.00 MiB/s, 最高分辨率: —, 平均帧率: 未知, 视频编解码器: 未知, 音频编解码器: 未知
分类: 黑龙江, 名称: 穆棱综合, 有效: 0, IPv4: 2, IPv6: 0, 最小延迟: — ms, 最高速率: 0.00 MiB/s, 平均速率: 0.00 MiB/s, 最高分辨率: —, 平均帧率: 未知, 视频编解码器: 未知, 音频编解码器: 未知
分类: 黑龙江, 名称: 绥芬河综合, 有效: 0, IPv4: 2, IPv6: 0, 最小延迟: — ms, 最高速率: 0.00 MiB/s, 平均速率: 0.00 MiB/s, 最高分辨率: —, 平均帧率: 未知, 视频编解码器: 未知, 音频编解码器: 未知
分类: 黑龙江, 名称: 北安综合, 有效: 0, IPv4: 1, IPv6: 0, 最小延迟: — ms, 最高速率: 0.00 MiB/s, 平均速率: 0.00 MiB/s, 最高分辨率: —, 平均帧率: 未知, 视频编解码器: 未知, 音频编解码器: 未知
分类: 黑龙江, 名称: 青冈综合, 有效: 0, IPv4: 2, IPv6: 0, 最小延迟: — ms, 最高速率: 0.00 MiB/s, 平均速率: 0.00 MiB/s, 最高分辨率: —, 平均帧率: 未知, 视频编解码器: 未知, 音频编解码器: 未知
分类: 黑龙江, 名称: 延寿综合, 有效: 0, IPv4: 1, IPv6: 0, 最小延迟: — ms, 最高速率: 0.00 MiB/s, 平均速率: 0.00 MiB/s, 最高分辨率: —, 平均帧率: 未知, 视频编解码器: 未知, 音频编解码器: 未知
分类: 黑龙江, 名称: 绥滨综合, 有效: 0, IPv4: 1, IPv6: 0, 最小延迟: — ms, 最高速率: 0.00 MiB/s, 平均速率: 0.00 MiB/s, 最高分辨率: —, 平均帧率: 未知, 视频编解码器: 未知, 音频编解码器: 未知
分类: 黑龙江, 名称: 铁力综合, 有效: 0, IPv4: 2, IPv6: 0, 最小延迟: — ms, 最高速率: 0.00 MiB/s, 平均速率: 0.00 MiB/s, 最高分辨率: —, 平均帧率: 未知, 视频编解码器: 未知, 音频编解码器: 未知
分类: 黑龙江, 名称: 五大连池综合, 有效: 0, IPv4: 2, IPv6: 0, 最小延迟: — ms, 最高速率: 0.00 MiB/s, 平均速率: 0.00 MiB/s, 最高分辨率: —, 平均帧率: 未知, 视频编解码器: 未知, 音频编解码器: 未知
分类: 黑龙江, 名称: 方正综合, 有效: 0, IPv4: 2, IPv6: 0, 最小延迟: — ms, 最高速率: 0.00 MiB/s, 平均速率: 0.00 MiB/s, 最高分辨率: —, 平均帧率: 未知, 视频编解码器: 未知, 音频编解码器: 未知
分类: 黑龙江, 名称: 呼玛综合, 有效: 0, IPv4: 2, IPv6: 0, 最小延迟: — ms, 最高速率: 0.00 MiB/s, 平均速率: 0.00 MiB/s, 最高分辨率: —, 平均帧率: 未知, 视频编解码器: 未知, 音频编解码器: 未知
分类: 黑龙江, 名称: 塔河综合, 有效: 0, IPv4: 2, IPv6: 0, 最小延迟: — ms, 最高速率: 0.00 MiB/s, 平均速率: 0.00 MiB/s, 最高分辨率: —, 平均帧率: 未知, 视频编解码器: 未知, 音频编解码器: 未知
分类: 黑龙江, 名称: 漠河综合, 有效: 0, IPv4: 2, IPv6: 0, 最小延迟: — ms, 最高速率: 0.00 MiB/s, 平均速率: 0.00 MiB/s, 最高分辨率: —, 平均帧率: 未知, 视频编解码器: 未知, 音频编解码器: 未知
分类: 香港, 名称: AXN, 有效: 1, IPv4: 9, IPv6: 0, 最小延迟: 852 ms, 最高速率: 1.00 MiB/s, 平均速率: 1.00 MiB/s, 最高分辨率: 1920x1080, 平均帧率: 50.0, 视频编解码器: h264, 音频编解码器: aac
分类: 香港, 名称: Animax, 有效: 0, IPv4: 6, IPv6: 0, 最小延迟: — ms, 最高速率: 0.00 MiB/s, 平均速率: 0.00 MiB/s, 最高分辨率: —, 平均帧率: 未知, 视频编解码器: 未知, 音频编解码器: 未知
分类: 香港, 名称: HOY76, 有效: 0, IPv4: 1, IPv6: 0, 最小延迟: — ms, 最高速率: 0.00 MiB/s, 平均速率: 0.00 MiB/s, 最高分辨率: —, 平均帧率: 未知, 视频编解码器: 未知, 音频编解码器: 未知
分类: 香港, 名称: HOY77, 有效: 0, IPv4: 4, IPv6: 0, 最小延迟: 120 ms, 最高速率: 0.00 MiB/s, 平均速率: 0.00 MiB/s, 最高分辨率: —, 平均帧率: 未知, 视频编解码器: 未知, 音频编解码器: 未知
分类: 香港, 名称: RTHK31, 有效: 0, IPv4: 3, IPv6: 0, 最小延迟: 79 ms, 最高速率: 0.00 MiB/s, 平均速率: 0.00 MiB/s, 最高分辨率: —, 平均帧率: 未知, 视频编解码器: 未知, 音频编解码器: 未知
分类: 香港, 名称: HOY78, 有效: 0, IPv4: 1, IPv6: 0, 最小延迟: — ms, 最高速率: 0.00 MiB/s, 平均速率: 0.00 MiB/s, 最高分辨率: —, 平均帧率: 未知, 视频编解码器: 未知, 音频编解码器: 未知
分类: 香港, 名称: RTHK32, 有效: 0, IPv4: 3, IPv6: 0, 最小延迟: 81 ms, 最高速率: 0.00 MiB/s, 平均速率: 0.00 MiB/s, 最高分辨率: —, 平均帧率: 未知, 视频编解码器: 未知, 音频编解码器: 未知
分类: 香港, 名称: C+, 有效: 2, IPv4: 3, IPv6: 0, 最小延迟: 304 ms, 最高速率: 0.50 MiB/s, 平均速率: 0.45 MiB/s, 最高分辨率: 1920x1080, 平均帧率: 25.0, 视频编解码器: h264, 音频编解码器: aac
分类: 香港, 名称: RTHK33, 有效: 0, IPv4: 1, IPv6: 0, 最小延迟: — ms, 最高速率: 0.00 MiB/s, 平均速率: 0.00 MiB/s, 最高分辨率: —, 平均帧率: 未知, 视频编解码器: 未知, 音频编解码器: 未知
分类: 香港, 名称: TVB Plus, 有效: 1, IPv4: 8, IPv6: 0, 最小延迟: 40 ms, 最高速率: 3.90 MiB/s, 平均速率: 3.90 MiB/s, 最高分辨率: 1280x720, 平均帧率: 60.0, 视频编解码器: h264, 音频编解码器: aac
分类: 香港, 名称: MOMO综合台, 有效: 0, IPv4: 1, IPv6: 0, 最小延迟: 2726 ms, 最高速率: 0.00 MiB/s, 平均速率: 0.00 MiB/s, 最高分辨率: —, 平均帧率: 未知, 视频编解码器: 未知, 音频编解码器: 未知
分类: 香港, 名称: 千禧经典台, 有效: 0, IPv4: 3, IPv6: 0, 最小延迟: — ms, 最高速率: 0.00 MiB/s, 平均速率: 0.00 MiB/s, 最高分辨率: —, 平均帧率: 未知, 视频编解码器: 未知, 音频编解码器: 未知
分类: 香港, 名称: 华语剧台, 有效: 0, IPv4: 2, IPv6: 0, 最小延迟: — ms, 最高速率: 0.00 MiB/s, 平均速率: 0.00 MiB/s, 最高分辨率: —, 平均帧率: 未知, 视频编解码器: 未知, 音频编解码器: 未知
分类: 香港, 名称: 亚洲剧台, 有效: 0, IPv4: 3, IPv6: 0, 最小延迟: — ms, 最高速率: 0.00 MiB/s, 平均速率: 0.00 MiB/s, 最高分辨率: —, 平均帧率: 未知, 视频编解码器: 未知, 音频编解码器: 未知
分类: 香港, 名称: 娱乐新闻台, 有效: 0, IPv4: 6, IPv6: 0, 最小延迟: 232 ms, 最高速率: 0.00 MiB/s, 平均速率: 0.00 MiB/s, 最高分辨率: —, 平均帧率: 未知, 视频编解码器: 未知, 音频编解码器: 未知
分类: 香港, 名称: 翡翠台, 有效: 0, IPv4: 10, IPv6: 0, 最小延迟: 69 ms, 最高速率: 1.51 MiB/s, 平均速率: 0.00 MiB/s, 最高分辨率: 840x480, 平均帧率: 30.0, 视频编解码器: h264, 音频编解码器: aac
分类: 香港, 名称: ChannelV, 有效: 0, IPv4: 1, IPv6: 0, 最小延迟: — ms, 最高速率: 0.00 MiB/s, 平均速率: 0.00 MiB/s, 最高分辨率: —, 平均帧率: 未知, 视频编解码器: 未知, 音频编解码器: 未知
分类: 香港, 名称: 明珠台, 有效: 0, IPv4: 4, IPv6: 0, 最小延迟: 418 ms, 最高速率: 0.16 MiB/s, 平均速率: 0.00 MiB/s, 最高分辨率: —, 平均帧率: 未知, 视频编解码器: 未知, 音频编解码器: 未知
分类: 香港, 名称: TVB1, 有效: 3, IPv4: 8, IPv6: 0, 最小延迟: 133 ms, 最高速率: 3.02 MiB/s, 平均速率: 2.60 MiB/s, 最高分辨率: 1920x1080, 平均帧率: 29.97, 视频编解码器: h264, 音频编解码器: aac
分类: 香港, 名称: TVBJ1, 有效: 2, IPv4: 6, IPv6: 0, 最小延迟: 124 ms, 最高速率: 2.66 MiB/s, 平均速率: 2.34 MiB/s, 最高分辨率: 1920x1080, 平均帧率: 26.65, 视频编解码器: h264, 音频编解码器: aac
分类: 香港, 名称: 中国电影频道, 有效: 0, IPv4: 5, IPv6: 0, 最小延迟: — ms, 最高速率: 0.00 MiB/s, 平均速率: 0.00 MiB/s, 最高分辨率: —, 平均帧率: 未知, 视频编解码器: 未知, 音频编解码器: 未知
分类: 香港, 名称: 中旺电视, 有效: 2, IPv4: 4, IPv6: 0, 最小延迟: 42 ms, 最高速率: 1.76 MiB/s, 平均速率: 1.29 MiB/s, 最高分辨率: 1920x1080, 平均帧率: 29.97, 视频编解码器: h264, 音频编解码器: aac
分类: 香港, 名称: 中视, 有效: 0, IPv4: 13, IPv6: 0, 最小延迟: 371 ms, 最高速率: 0.25 MiB/s, 平均速率: 0.00 MiB/s, 最高分辨率: 1920x1080, 平均帧率: 29.99, 视频编解码器: h264, 音频编解码器: aac
分类: 香港, 名称: 中视新闻, 有效: 0, IPv4: 4, IPv6: 0, 最小延迟: — ms, 最高速率: 0.00 MiB/s, 平均速率: 0.00 MiB/s, 最高分辨率: —, 平均帧率: 未知, 视频编解码器: 未知, 音频编解码器: 未知
分类: 香港, 名称: 中视菁采, 有效: 1, IPv4: 2, IPv6: 0, 最小延迟: 38 ms, 最高速率: 2.35 MiB/s, 平均速率: 2.35 MiB/s, 最高分辨率: 1280x720, 平均帧率: 60.0, 视频编解码器: h264, 音频编解码器: aac
分类: 香港, 名称: 亚洲卫视, 有效: 0, IPv4: 3, IPv6: 0, 最小延迟: — ms, 最高速率: 0.00 MiB/s, 平均速率: 0.00 MiB/s, 最高分辨率: —, 平均帧率: 未知, 视频编解码器: 未知, 音频编解码器: 未知
分类: 香港, 名称: 亚洲新闻台, 有效: 0, IPv4: 2, IPv6: 0, 最小延迟: — ms, 最高速率: 0.00 MiB/s, 平均速率: 0.00 MiB/s, 最高分辨率: —, 平均帧率: 未知, 视频编解码器: 未知, 音频编解码器: 未知
分类: 香港, 名称: 亚洲旅游台, 有效: 0, IPv4: 3, IPv6: 0, 最小延迟: — ms, 最高速率: 0.00 MiB/s, 平均速率: 0.00 MiB/s, 最高分辨率: —, 平均帧率: 未知, 视频编解码器: 未知, 音频编解码器: 未知
分类: 香港, 名称: 凤凰中文, 有效: 0, IPv4: 19, IPv6: 0, 最小延迟: 109 ms, 最高速率: 0.35 MiB/s, 平均速率: 0.00 MiB/s, 最高分辨率: 1920x1080, 平均帧率: 25.0, 视频编解码器: h264, 音频编解码器: mp2
分类: 香港, 名称: 凤凰香港, 有效: 0, IPv4: 12, IPv6: 0, 最小延迟: 54 ms, 最高速率: 1.90 MiB/s, 平均速率: 0.00 MiB/s, 最高分辨率: 840x480, 平均帧率: 30.0, 视频编解码器: h264, 音频编解码器: aac
分类: 香港, 名称: 凤凰资讯, 有效: 1, IPv4: 19, IPv6: 0, 最小延迟: 131 ms, 最高速率: 0.32 MiB/s, 平均速率: 0.23 MiB/s, 最高分辨率: 1920x1080, 平均帧率: 25.0, 视频编解码器: h264, 音频编解码器: aac
分类: 香港, 名称: 凤凰电影, 有效: 1, IPv4: 6, IPv6: 0, 最小延迟: 293 ms, 最高速率: 0.66 MiB/s, 平均速率: 0.66 MiB/s, 最高分辨率: 1920x1080, 平均帧率: 25.0, 视频编解码器: h264, 音频编解码器: mp2
分类: 香港, 名称: 无线新闻台, 有效: 1, IPv4: 8, IPv6: 0, 最小延迟: 71 ms, 最高速率: 2.73 MiB/s, 平均速率: 2.73 MiB/s, 最高分辨率: 1280x720, 平均帧率: 30.0, 视频编解码器: h264, 音频编解码器: aac
分类: 香港, 名称: 半岛新闻, 有效: 1, IPv4: 4, IPv6: 0, 最小延迟: 43 ms, 最高速率: 12.19 MiB/s, 平均速率: 12.19 MiB/s, 最高分辨率: 1280x720, 平均帧率: 25.0, 视频编解码器: h264, 音频编解码器: aac
分类: 香港, 名称: 动物星球, 有效: 1, IPv4: 2, IPv6: 0, 最小延迟: 170 ms, 最高速率: 0.24 MiB/s, 平均速率: 0.24 MiB/s, 最高分辨率: 1280x720, 平均帧率: 30.0, 视频编解码器: h264, 音频编解码器: aac
分类: 香港, 名称: 华视, 有效: 1, IPv4: 11, IPv6: 0, 最小延迟: 39 ms, 最高速率: 6.98 MiB/s, 平均速率: 6.98 MiB/s, 最高分辨率: 1920x1080, 平均帧率: 29.99, 视频编解码器: hevc, 音频编解码器: aac
分类: 香港, 名称: 博斯无限, 有效: 0, IPv4: 4, IPv6: 0, 最小延迟: 246 ms, 最高速率: 0.00 MiB/s, 平均速率: 0.00 MiB/s, 最高分辨率: —, 平均帧率: 未知, 视频编解码器: 未知, 音频编解码器: 未知
分类: 香港, 名称: 博斯网球, 有效: 0, IPv4: 4, IPv6: 0, 最小延迟: 77 ms, 最高速率: 0.00 MiB/s, 平均速率: 0.00 MiB/s, 最高分辨率: —, 平均帧率: 未知, 视频编解码器: 未知, 音频编解码器: 未知
分类: 香港, 名称: 博斯无限2, 有效: 0, IPv4: 2, IPv6: 0, 最小延迟: — ms, 最高速率: 0.00 MiB/s, 平均速率: 0.00 MiB/s, 最高分辨率: —, 平均帧率: 未知, 视频编解码器: 未知, 音频编解码器: 未知
分类: 香港, 名称: 博斯高球1, 有效: 0, IPv4: 3, IPv6: 0, 最小延迟: — ms, 最高速率: 0.00 MiB/s, 平均速率: 0.00 MiB/s, 最高分辨率: —, 平均帧率: 未知, 视频编解码器: 未知, 音频编解码器: 未知
分类: 香港, 名称: 博斯高球2, 有效: 0, IPv4: 3, IPv6: 0, 最小延迟: — ms, 最高速率: 0.00 MiB/s, 平均速率: 0.00 MiB/s, 最高分辨率: —, 平均帧率: 未知, 视频编解码器: 未知, 音频编解码器: 未知
分类: 香港, 名称: 天映经典, 有效: 1, IPv4: 10, IPv6: 0, 最小延迟: 248 ms, 最高速率: 2.50 MiB/s, 平均速率: 2.50 MiB/s, 最高分辨率: 1920x1080, 平均帧率: 30.0, 视频编解码器: h264, 音频编解码器: aac
分类: 香港, 名称: 寰宇新闻台, 有效: 0, IPv4: 6, IPv6: 0, 最小延迟: 371 ms, 最高速率: 0.47 MiB/s, 平均速率: 0.00 MiB/s, 最高分辨率: 1920x1080, 平均帧率: 29.97, 视频编解码器: h264, 音频编解码器: aac
分类: 香港, 名称: 寰宇新闻台湾台, 有效: 0, IPv4: 6, IPv6: 0, 最小延迟: 429 ms, 最高速率: 0.21 MiB/s, 平均速率: 0.00 MiB/s, 最高分辨率: 1920x1080, 平均帧率: 30.0, 视频编解码器: h264, 音频编解码器: aac
分类: 香港, 名称: 寰宇财经台, 有效: 0, IPv4: 2, IPv6: 0, 最小延迟: 431 ms, 最高速率: 0.21 MiB/s, 平均速率: 0.00 MiB/s, 最高分辨率: 1920x1080, 平均帧率: 30.0, 视频编解码器: h264, 音频编解码器: aac
分类: 香港, 名称: 星空卫视, 有效: 0, IPv4: 4, IPv6: 0, 最小延迟: 294 ms, 最高速率: 0.18 MiB/s, 平均速率: 0.00 MiB/s, 最高分辨率: —, 平均帧率: 未知, 视频编解码器: 未知, 音频编解码器: 未知
分类: 香港, 名称: 美亚电影台, 有效: 0, IPv4: 10, IPv6: 0, 最小延迟: 476 ms, 最高速率: 0.12 MiB/s, 平均速率: 0.00 MiB/s, 最高分辨率: —, 平均帧率: 未知, 视频编解码器: 未知, 音频编解码器: 未知
分类: 香港, 名称: 耀才财经台, 有效: 0, IPv4: 6, IPv6: 0, 最小延迟: 468 ms, 最高速率: 0.42 MiB/s, 平均速率: 0.00 MiB/s, 最高分辨率: 1024x576, 平均帧率: 25.0, 视频编解码器: h264, 音频编解码器: aac
分类: 香港, 名称: 靖天欢乐台, 有效: 0, IPv4: 5, IPv6: 0, 最小延迟: — ms, 最高速率: 0.00 MiB/s, 平均速率: 0.00 MiB/s, 最高分辨率: —, 平均帧率: 未知, 视频编解码器: 未知, 音频编解码器: 未知
分类: 香港, 名称: 靖天综合台, 有效: 0, IPv4: 4, IPv6: 0, 最小延迟: — ms, 最高速率: 0.00 MiB/s, 平均速率: 0.00 MiB/s, 最高分辨率: —, 平均帧率: 未知, 视频编解码器: 未知, 音频编解码器: 未知
分类: 香港, 名称: 靖天资讯台, 有效: 0, IPv4: 3, IPv6: 0, 最小延迟: — ms, 最高速率: 0.00 MiB/s, 平均速率: 0.00 MiB/s, 最高分辨率: —, 平均帧率: 未知, 视频编解码器: 未知, 音频编解码器: 未知
分类: 香港, 名称: 靖天日本台, 有效: 0, IPv4: 6, IPv6: 0, 最小延迟: — ms, 最高速率: 0.00 MiB/s, 平均速率: 0.00 MiB/s, 最高分辨率: —, 平均帧率: 未知, 视频编解码器: 未知, 音频编解码器: 未知
分类: 香港, 名称: 靖天育乐台, 有效: 0, IPv4: 5, IPv6: 0, 最小延迟: — ms, 最高速率: 0.00 MiB/s, 平均速率: 0.00 MiB/s, 最高分辨率: —, 平均帧率: 未知, 视频编解码器: 未知, 音频编解码器: 未知
分类: 香港, 名称: 靖天电影台, 有效: 0, IPv4: 4, IPv6: 0, 最小延迟: — ms, 最高速率: 0.00 MiB/s, 平均速率: 0.00 MiB/s, 最高分辨率: —, 平均帧率: 未知, 视频编解码器: 未知, 音频编解码器: 未知
分类: 香港, 名称: 靖天戏剧台, 有效: 0, IPv4: 5, IPv6: 0, 最小延迟: — ms, 最高速率: 0.00 MiB/s, 平均速率: 0.00 MiB/s, 最高分辨率: —, 平均帧率: 未知, 视频编解码器: 未知, 音频编解码器: 未知
分类: 香港, 名称: 靖洋戏剧台, 有效: 1, IPv4: 5, IPv6: 0, 最小延迟: 647 ms, 最高速率: 0.62 MiB/s, 平均速率: 0.62 MiB/s, 最高分辨率: 1920x1080, 平均帧率: 30.0, 视频编解码器: h264, 音频编解码器: aac
分类: 香港, 名称: 非凡商业, 有效: 0, IPv4: 3, IPv6: 0, 最小延迟: — ms, 最高速率: 0.00 MiB/s, 平均速率: 0.00 MiB/s, 最高分辨率: —, 平均帧率: 未知, 视频编解码器: 未知, 音频编解码器: 未知
分类: 香港, 名称: 非凡新闻, 有效: 0, IPv4: 3, IPv6: 0, 最小延迟: 1950 ms, 最高速率: 0.00 MiB/s, 平均速率: 0.00 MiB/s, 最高分辨率: —, 平均帧率: 未知, 视频编解码器: 未知, 音频编解码器: 未知
分类: 香港, 名称: 香港国际财经, 有效: 0, IPv4: 1, IPv6: 0, 最小延迟: — ms, 最高速率: 0.00 MiB/s, 平均速率: 0.00 MiB/s, 最高分辨率: —, 平均帧率: 未知, 视频编解码器: 未知, 音频编解码器: 未知
分类: 香港, 名称: 黄金华剧台, 有效: 0, IPv4: 3, IPv6: 0, 最小延迟: 251 ms, 最高速率: 0.00 MiB/s, 平均速率: 0.00 MiB/s, 最高分辨率: —, 平均帧率: 未知, 视频编解码器: 未知, 音频编解码器: 未知
分类: 香港, 名称: 香港面包台, 有效: 1, IPv4: 1, IPv6: 0, 最小延迟: 612 ms, 最高速率: 0.92 MiB/s, 平均速率: 0.92 MiB/s, 最高分辨率: 1920x1080, 平均帧率: 30.0, 视频编解码器: h264, 音频编解码器: aac
分类: 澳门, 名称: 澳门Macau, 有效: 0, IPv4: 3, IPv6: 0, 最小延迟: — ms, 最高速率: 0.00 MiB/s, 平均速率: 0.00 MiB/s, 最高分辨率: —, 平均帧率: 未知, 视频编解码器: 未知, 音频编解码器: 未知
分类: 澳门, 名称: 澳视澳门, 有效: 0, IPv4: 6, IPv6: 0, 最小延迟: — ms, 最高速率: 0.00 MiB/s, 平均速率: 0.00 MiB/s, 最高分辨率: —, 平均帧率: 未知, 视频编解码器: 未知, 音频编解码器: 未知
分类: 澳门, 名称: 澳门资讯, 有效: 0, IPv4: 5, IPv6: 0, 最小延迟: 796 ms, 最高速率: 0.29 MiB/s, 平均速率: 0.00 MiB/s, 最高分辨率: 1920x1080, 平均帧率: 未知, 视频编解码器: 未知, 音频编解码器: 未知
分类: 澳门, 名称: 澳门体育, 有效: 0, IPv4: 1, IPv6: 0, 最小延迟: — ms, 最高速率: 0.00 MiB/s, 平均速率: 0.00 MiB/s, 最高分辨率: —, 平均帧率: 未知, 视频编解码器: 未知, 音频编解码器: 未知
分类: 澳门, 名称: 澳门综艺, 有效: 0, IPv4: 3, IPv6: 0, 最小延迟: — ms, 最高速率: 0.00 MiB/s, 平均速率: 0.00 MiB/s, 最高分辨率: —, 平均帧率: 未知, 视频编解码器: 未知, 音频编解码器: 未知
分类: 澳门, 名称: 澳门莲花, 有效: 0, IPv4: 1, IPv6: 0, 最小延迟: 1283 ms, 最高速率: 0.02 MiB/s, 平均速率: 0.00 MiB/s, 最高分辨率: —, 平均帧率: 未知, 视频编解码器: 未知, 音频编解码器: 未知
分类: 澳门, 名称: 澳门葡文, 有效: 0, IPv4: 1, IPv6: 0, 最小延迟: — ms, 最高速率: 0.00 MiB/s, 平均速率: 0.00 MiB/s, 最高分辨率: —, 平均帧率: 未知, 视频编解码器: 未知, 音频编解码器: 未知
分类: 台湾, 名称: 八大戏剧台, 有效: 0, IPv4: 2, IPv6: 0, 最小延迟: — ms, 最高速率: 0.00 MiB/s, 平均速率: 0.00 MiB/s, 最高分辨率: —, 平均帧率: 未知, 视频编解码器: 未知, 音频编解码器: 未知
分类: 台湾, 名称: 八大第一台, 有效: 0, IPv4: 1, IPv6: 0, 最小延迟: — ms, 最高速率: 0.00 MiB/s, 平均速率: 0.00 MiB/s, 最高分辨率: —, 平均帧率: 未知, 视频编解码器: 未知, 音频编解码器: 未知
分类: 台湾, 名称: 三立新闻, 有效: 0, IPv4: 1, IPv6: 0, 最小延迟: — ms, 最高速率: 0.00 MiB/s, 平均速率: 0.00 MiB/s, 最高分辨率: —, 平均帧率: 未知, 视频编解码器: 未知, 音频编解码器: 未知
分类: 台湾, 名称: 三立iNEWS, 有效: 0, IPv4: 1, IPv6: 0, 最小延迟: — ms, 最高速率: 0.00 MiB/s, 平均速率: 0.00 MiB/s, 最高分辨率: —, 平均帧率: 未知, 视频编解码器: 未知, 音频编解码器: 未知
分类: 台湾, 名称: 三立都会, 有效: 0, IPv4: 1, IPv6: 0, 最小延迟: — ms, 最高速率: 0.00 MiB/s, 平均速率: 0.00 MiB/s, 最高分辨率: —, 平均帧率: 未知, 视频编解码器: 未知, 音频编解码器: 未知
分类: 台湾, 名称: 三立综合台, 有效: 0, IPv4: 1, IPv6: 0, 最小延迟: — ms, 最高速率: 0.00 MiB/s, 平均速率: 0.00 MiB/s, 最高分辨率: —, 平均帧率: 未知, 视频编解码器: 未知, 音频编解码器: 未知
分类: 台湾, 名称: 东森美洲, 有效: 2, IPv4: 6, IPv6: 0, 最小延迟: 42 ms, 最高速率: 3.01 MiB/s, 平均速率: 1.88 MiB/s, 最高分辨率: 1920x1080, 平均帧率: 29.97, 视频编解码器: h264, 音频编解码器: aac
分类: 台湾, 名称: 三立戏剧台, 有效: 2, IPv4: 2, IPv6: 0, 最小延迟: 171 ms, 最高速率: 0.25 MiB/s, 平均速率: 0.24 MiB/s, 最高分辨率: 1280x720, 平均帧率: 25.0, 视频编解码器: h264, 音频编解码器: aac
分类: 台湾, 名称: 东森新闻, 有效: 0, IPv4: 3, IPv6: 0, 最小延迟: — ms, 最高速率: 0.00 MiB/s, 平均速率: 0.00 MiB/s, 最高分辨率: —, 平均帧率: 未知, 视频编解码器: 未知, 音频编解码器: 未知
分类: 台湾, 名称: 东森电影, 有效: 0, IPv4: 3, IPv6: 0, 最小延迟: — ms, 最高速率: 0.00 MiB/s, 平均速率: 0.00 MiB/s, 最高分辨率: —, 平均帧率: 未知, 视频编解码器: 未知, 音频编解码器: 未知
分类: 台湾, 名称: 东森戏剧, 有效: 0, IPv4: 1, IPv6: 0, 最小延迟: — ms, 最高速率: 0.00 MiB/s, 平均速率: 0.00 MiB/s, 最高分辨率: —, 平均帧率: 未知, 视频编解码器: 未知, 音频编解码器: 未知
分类: 台湾, 名称: 东森洋片, 有效: 0, IPv4: 9, IPv6: 0, 最小延迟: 1780 ms, 最高速率: 0.05 MiB/s, 平均速率: 0.00 MiB/s, 最高分辨率: —, 平均帧率: 未知, 视频编解码器: 未知, 音频编解码器: 未知
分类: 台湾, 名称: 东森综合, 有效: 0, IPv4: 1, IPv6: 0, 最小延迟: — ms, 最高速率: 0.00 MiB/s, 平均速率: 0.00 MiB/s, 最高分辨率: —, 平均帧率: 未知, 视频编解码器: 未知, 音频编解码器: 未知
分类: 台湾, 名称: 东森超视, 有效: 1, IPv4: 2, IPv6: 0, 最小延迟: 42 ms, 最高速率: 1.23 MiB/s, 平均速率: 1.23 MiB/s, 最高分辨率: 1920x1080, 平均帧率: 29.97, 视频编解码器: h264, 音频编解码器: aac
分类: 台湾, 名称: 东森亚洲卫视, 有效: 0, IPv4: 3, IPv6: 0, 最小延迟: — ms, 最高速率: 0.00 MiB/s, 平均速率: 0.00 MiB/s, 最高分辨率: —, 平均帧率: 未知, 视频编解码器: 未知, 音频编解码器: 未知
分类: 台湾, 名称: 中天新闻, 有效: 1, IPv4: 10, IPv6: 0, 最小延迟: 40 ms, 最高速率: 4.25 MiB/s, 平均速率: 4.25 MiB/s, 最高分辨率: 1280x720, 平均帧率: 29.99, 视频编解码器: h264, 音频编解码器: aac
分类: 台湾, 名称: 中天综合, 有效: 0, IPv4: 1, IPv6: 0, 最小延迟: — ms, 最高速率: 0.00 MiB/s, 平均速率: 0.00 MiB/s, 最高分辨率: —, 平均帧率: 未知, 视频编解码器: 未知, 音频编解码器: 未知
分类: 台湾, 名称: 中天亚洲, 有效: 0, IPv4: 2, IPv6: 0, 最小延迟: — ms, 最高速率: 0.00 MiB/s, 平均速率: 0.00 MiB/s, 最高分辨率: —, 平均帧率: 未知, 视频编解码器: 未知, 音频编解码器: 未知
分类: 台湾, 名称: 台视, 有效: 2, IPv4: 11, IPv6: 0, 最小延迟: 40 ms, 最高速率: 7.12 MiB/s, 平均速率: 3.68 MiB/s, 最高分辨率: 1920x1080, 平均帧率: 29.99, 视频编解码器: hevc, 音频编解码器: aac
分类: 台湾, 名称: 台视财经, 有效: 1, IPv4: 4, IPv6: 0, 最小延迟: 27 ms, 最高速率: 19.16 MiB/s, 平均速率: 19.16 MiB/s, 最高分辨率: 1920x1080, 平均帧率: 30.0, 视频编解码器: hevc, 音频编解码器: aac
分类: 台湾, 名称: 台视综合, 有效: 2, IPv4: 7, IPv6: 0, 最小延迟: 27 ms, 最高速率: 23.08 MiB/s, 平均速率: 11.82 MiB/s, 最高分辨率: 1920x1080, 平均帧率: 29.99, 视频编解码器: hevc, 音频编解码器: aac
分类: 台湾, 名称: 中天娱乐台, 有效: 0, IPv4: 1, IPv6: 0, 最小延迟: — ms, 最高速率: 0.00 MiB/s, 平均速率: 0.00 MiB/s, 最高分辨率: —, 平均帧率: 未知, 视频编解码器: 未知, 音频编解码器: 未知
分类: 台湾, 名称: 台视新闻, 有效: 6, IPv4: 9, IPv6: 0, 最小延迟: 27 ms, 最高速率: 18.43 MiB/s, 平均速率: 5.62 MiB/s, 最高分辨率: 1920x1080, 平均帧率: 29.98, 视频编解码器: h264, 音频编解码器: aac
分类: 台湾, 名称: 大爱二台, 有效: 0, IPv4: 1, IPv6: 0, 最小延迟: — ms, 最高速率: 0.00 MiB/s, 平均速率: 0.00 MiB/s, 最高分辨率: —, 平均帧率: 未知, 视频编解码器: 未知, 音频编解码器: 未知
分类: 台湾, 名称: 唯心电视, 有效: 0, IPv4: 2, IPv6: 0, 最小延迟: 175 ms, 最高速率: 1.26 MiB/s, 平均速率: 0.00 MiB/s, 最高分辨率: 854x480, 平均帧率: 29.97, 视频编解码器: h264, 音频编解码器: mp3
分类: 台湾, 名称: 好消息, 有效: 2, IPv4: 4, IPv6: 0, 最小延迟: 326 ms, 最高速率: 1.22 MiB/s, 平均速率: 0.98 MiB/s, 最高分辨率: —, 平均帧率: 未知, 视频编解码器: h264, 音频编解码器: aac
分类: 台湾, 名称: 人间卫视, 有效: 3, IPv4: 4, IPv6: 0, 最小延迟: 187 ms, 最高速率: 0.23 MiB/s, 平均速率: 0.22 MiB/s, 最高分辨率: 1280x720, 平均帧率: 29.97, 视频编解码器: h264, 音频编解码器: aac
分类: 台湾, 名称: 民视, 有效: 2, IPv4: 5, IPv6: 0, 最小延迟: 24 ms, 最高速率: 13.19 MiB/s, 平均速率: 7.31 MiB/s, 最高分辨率: 1920x1080, 平均帧率: 28.31, 视频编解码器: hevc, 音频编解码器: aac
分类: 台湾, 名称: 好消息2台, 有效: 1, IPv4: 1, IPv6: 0, 最小延迟: 214 ms, 最高速率: 2.63 MiB/s, 平均速率: 2.63 MiB/s, 最高分辨率: —, 平均帧率: 未知, 视频编解码器: h264, 音频编解码器: aac
分类: 台湾, 名称: 民视新闻台, 有效: 3, IPv4: 9, IPv6: 0, 最小延迟: 37 ms, 最高速率: 12.39 MiB/s, 平均速率: 3.66 MiB/s, 最高分辨率: 1920x1080, 平均帧率: 29.98, 视频编解码器: h264, 音频编解码器: aac
分类: 台湾, 名称: 民视台湾台, 有效: 1, IPv4: 2, IPv6: 0, 最小延迟: 60 ms, 最高速率: 21.52 MiB/s, 平均速率: 21.52 MiB/s, 最高分辨率: 1920x1080, 平均帧率: 29.97, 视频编解码器: hevc, 音频编解码器: aac
分类: 台湾, 名称: 民视第一台, 有效: 1, IPv4: 2, IPv6: 0, 最小延迟: 26 ms, 最高速率: 26.67 MiB/s, 平均速率: 26.67 MiB/s, 最高分辨率: 1920x1080, 平均帧率: 29.97, 视频编解码器: hevc, 音频编解码器: aac
分类: 台湾, 名称: 民视综艺台, 有效: 0, IPv4: 2, IPv6: 0, 最小延迟: — ms, 最高速率: 0.00 MiB/s, 平均速率: 0.00 MiB/s, 最高分辨率: —, 平均帧率: 未知, 视频编解码器: 未知, 音频编解码器: 未知
分类: 台湾, 名称: 番薯111, 有效: 0, IPv4: 1, IPv6: 0, 最小延迟: — ms, 最高速率: 0.00 MiB/s, 平均速率: 0.00 MiB/s, 最高分辨率: —, 平均帧率: 未知, 视频编解码器: 未知, 音频编解码器: 未知
分类: 台湾, 名称: 纬来精采台, 有效: 2, IPv4: 4, IPv6: 0, 最小延迟: 223 ms, 最高速率: 0.23 MiB/s, 平均速率: 0.22 MiB/s, 最高分辨率: 1280x720, 平均帧率: 25.0, 视频编解码器: h264, 音频编解码器: aac
分类: 台湾, 名称: 龙华偶像, 有效: 1, IPv4: 7, IPv6: 0, 最小延迟: 736 ms, 最高速率: 0.67 MiB/s, 平均速率: 0.67 MiB/s, 最高分辨率: 1920x1080, 平均帧率: 30.0, 视频编解码器: h264, 音频编解码器: aac
分类: 台湾, 名称: 龙华卡通, 有效: 0, IPv4: 3, IPv6: 0, 最小延迟: — ms, 最高速率: 0.00 MiB/s, 平均速率: 0.00 MiB/s, 最高分辨率: —, 平均帧率: 未知, 视频编解码器: 未知, 音频编解码器: 未知
分类: 台湾, 名称: 龙华日韩, 有效: 0, IPv4: 4, IPv6: 0, 最小延迟: — ms, 最高速率: 0.00 MiB/s, 平均速率: 0.00 MiB/s, 最高分辨率: —, 平均帧率: 未知, 视频编解码器: 未知, 音频编解码器: 未知
分类: 台湾, 名称: 龙华洋片, 有效: 1, IPv4: 5, IPv6: 0, 最小延迟: 255 ms, 最高速率: 0.79 MiB/s, 平均速率: 0.79 MiB/s, 最高分辨率: 1920x1080, 平均帧率: 30.0, 视频编解码器: h264, 音频编解码器: aac
分类: 台湾, 名称: 龙华经典, 有效: 0, IPv4: 8, IPv6: 0, 最小延迟: — ms, 最高速率: 0.00 MiB/s, 平均速率: 0.00 MiB/s, 最高分辨率: —, 平均帧率: 未知, 视频编解码器: 未知, 音频编解码器: 未知
分类: 台湾, 名称: 龙华电影, 有效: 0, IPv4: 4, IPv6: 0, 最小延迟: — ms, 最高速率: 0.00 MiB/s, 平均速率: 0.00 MiB/s, 最高分辨率: —, 平均帧率: 未知, 视频编解码器: 未知, 音频编解码器: 未知
分类: 台湾, 名称: TVBS亚洲, 有效: 2, IPv4: 3, IPv6: 0, 最小延迟: 42 ms, 最高速率: 3.39 MiB/s, 平均速率: 2.04 MiB/s, 最高分辨率: 1920x1080, 平均帧率: 29.97, 视频编解码器: h264, 音频编解码器: aac
分类: 台湾, 名称: TVBS台剧台, 有效: 0, IPv4: 1, IPv6: 0, 最小延迟: — ms, 最高速率: 0.00 MiB/s, 平均速率: 0.00 MiB/s, 最高分辨率: —, 平均帧率: 未知, 视频编解码器: 未知, 音频编解码器: 未知
分类: 台湾, 名称: TVBS新闻台, 有效: 1, IPv4: 8, IPv6: 0, 最小延迟: 255 ms, 最高速率: 0.22 MiB/s, 平均速率: 0.22 MiB/s, 最高分辨率: 1280x720, 平均帧率: 25.0, 视频编解码器: h264, 音频编解码器: aac
分类: 台湾, 名称: TVBS精采台, 有效: 0, IPv4: 5, IPv6: 0, 最小延迟: — ms, 最高速率: 0.00 MiB/s, 平均速率: 0.00 MiB/s, 最高分辨率: —, 平均帧率: 未知, 视频编解码器: 未知, 音频编解码器: 未知
分类: 台湾, 名称: TVBS欢乐台, 有效: 1, IPv4: 4, IPv6: 0, 最小延迟: 749 ms, 最高速率: 0.62 MiB/s, 平均速率: 0.62 MiB/s, 最高分辨率: 1920x1080, 平均帧率: 30.0, 视频编解码器: h264, 音频编解码器: aac
分类: 台湾, 名称: TVBS综艺台, 有效: 0, IPv4: 1, IPv6: 0, 最小延迟: — ms, 最高速率: 0.00 MiB/s, 平均速率: 0.00 MiB/s, 最高分辨率: —, 平均帧率: 未知, 视频编解码器: 未知, 音频编解码器: 未知
分类: 其他, 名称: 爱动漫, 有效: 0, IPv4: 1, IPv6: 0, 最小延迟: — ms, 最高速率: 0.00 MiB/s, 平均速率: 0.00 MiB/s, 最高分辨率: —, 平均帧率: 未知, 视频编解码器: 未知, 音频编解码器: 未知
分类: 其他, 名称: 家庭剧场, 有效: 0, IPv4: 2, IPv6: 0, 最小延迟: — ms, 最高速率: 0.00 MiB/s, 平均速率: 0.00 MiB/s, 最高分辨率: —, 平均帧率: 未知, 视频编解码器: 未知, 音频编解码器: 未知
分类: 其他, 名称: 城市剧场, 有效: 0, IPv4: 3, IPv6: 0, 最小延迟: — ms, 最高速率: 0.00 MiB/s, 平均速率: 0.00 MiB/s, 最高分辨率: —, 平均帧率: 未知, 视频编解码器: 未知, 音频编解码器: 未知
分类: 其他, 名称: 哒啵赛事, 有效: 0, IPv4: 2, IPv6: 0, 最小延迟: — ms, 最高速率: 0.00 MiB/s, 平均速率: 0.00 MiB/s, 最高分辨率: —, 平均帧率: 未知, 视频编解码器: 未知, 音频编解码器: 未知
分类: 其他, 名称: 好学生, 有效: 0, IPv4: 1, IPv6: 0, 最小延迟: — ms, 最高速率: 0.00 MiB/s, 平均速率: 0.00 MiB/s, 最高分辨率: —, 平均帧率: 未知, 视频编解码器: 未知, 音频编解码器: 未知
分类: 其他, 名称: 家庭影院, 有效: 0, IPv4: 1, IPv6: 0, 最小延迟: — ms, 最高速率: 0.00 MiB/s, 平均速率: 0.00 MiB/s, 最高分辨率: —, 平均帧率: 未知, 视频编解码器: 未知, 音频编解码器: 未知
分类: 其他, 名称: 古装剧场, 有效: 0, IPv4: 2, IPv6: 0, 最小延迟: — ms, 最高速率: 0.00 MiB/s, 平均速率: 0.00 MiB/s, 最高分辨率: —, 平均帧率: 未知, 视频编解码器: 未知, 音频编解码器: 未知
分类: 其他, 名称: 黑莓电影, 有效: 0, IPv4: 3, IPv6: 0, 最小延迟: — ms, 最高速率: 0.00 MiB/s, 平均速率: 0.00 MiB/s, 最高分辨率: —, 平均帧率: 未知, 视频编解码器: 未知, 音频编解码器: 未知
分类: 其他, 名称: 爱情喜剧, 有效: 0, IPv4: 1, IPv6: 0, 最小延迟: — ms, 最高速率: 0.00 MiB/s, 平均速率: 0.00 MiB/s, 最高分辨率: —, 平均帧率: 未知, 视频编解码器: 未知, 音频编解码器: 未知
分类: 其他, 名称: 黑莓动画, 有效: 0, IPv4: 2, IPv6: 0, 最小延迟: — ms, 最高速率: 0.00 MiB/s, 平均速率: 0.00 MiB/s, 最高分辨率: —, 平均帧率: 未知, 视频编解码器: 未知, 音频编解码器: 未知
分类: 其他, 名称: 超级体育, 有效: 0, IPv4: 1, IPv6: 0, 最小延迟: — ms, 最高速率: 0.00 MiB/s, 平均速率: 0.00 MiB/s, 最高分辨率: —, 平均帧率: 未知, 视频编解码器: 未知, 音频编解码器: 未知
分类: 其他, 名称: 军旅剧场, 有效: 0, IPv4: 2, IPv6: 0, 最小延迟: — ms, 最高速率: 0.00 MiB/s, 平均速率: 0.00 MiB/s, 最高分辨率: —, 平均帧率: 未知, 视频编解码器: 未知, 音频编解码器: 未知
分类: 其他, 名称: 动作电影, 有效: 0, IPv4: 2, IPv6: 0, 最小延迟: — ms, 最高速率: 0.00 MiB/s, 平均速率: 0.00 MiB/s, 最高分辨率: —, 平均帧率: 未知, 视频编解码器: 未知, 音频编解码器: 未知
分类: 其他, 名称: 动作影院, 有效: 0, IPv4: 3, IPv6: 0, 最小延迟: — ms, 最高速率: 0.00 MiB/s, 平均速率: 0.00 MiB/s, 最高分辨率: —, 平均帧率: 未知, 视频编解码器: 未知, 音频编解码器: 未知
分类: 其他, 名称: 哒啵电竞, 有效: 0, IPv4: 2, IPv6: 0, 最小延迟: — ms, 最高速率: 0.00 MiB/s, 平均速率: 0.00 MiB/s, 最高分辨率: —, 平均帧率: 未知, 视频编解码器: 未知, 音频编解码器: 未知
分类: 其他, 名称: 金牌综艺, 有效: 0, IPv4: 1, IPv6: 0, 最小延迟: — ms, 最高速率: 0.00 MiB/s, 平均速率: 0.00 MiB/s, 最高分辨率: —, 平均帧率: 未知, 视频编解码器: 未知, 音频编解码器: 未知
分类: 其他, 名称: 惊悚悬疑, 有效: 0, IPv4: 1, IPv6: 0, 最小延迟: — ms, 最高速率: 0.00 MiB/s, 平均速率: 0.00 MiB/s, 最高分辨率: —, 平均帧率: 未知, 视频编解码器: 未知, 音频编解码器: 未知
分类: 其他, 名称: 中国功夫, 有效: 0, IPv4: 1, IPv6: 0, 最小延迟: — ms, 最高速率: 0.00 MiB/s, 平均速率: 0.00 MiB/s, 最高分辨率: —, 平均帧率: 未知, 视频编解码器: 未知, 音频编解码器: 未知
分类: 其他, 名称: 东北热剧, 有效: 0, IPv4: 1, IPv6: 0, 最小延迟: — ms, 最高速率: 0.00 MiB/s, 平均速率: 0.00 MiB/s, 最高分辨率: —, 平均帧率: 未知, 视频编解码器: 未知, 音频编解码器: 未知
分类: 其他, 名称: 谍战剧场, 有效: 0, IPv4: 12, IPv6: 0, 最小延迟: — ms, 最高速率: 0.00 MiB/s, 平均速率: 0.00 MiB/s, 最高分辨率: —, 平均帧率: 未知, 视频编解码器: 未知, 音频编解码器: 未知
分类: 其他, 名称: IPTV少儿动画, 有效: 0, IPv4: 10, IPv6: 0, 最小延迟: — ms, 最高速率: 0.00 MiB/s, 平均速率: 0.00 MiB/s, 最高分辨率: —, 平均帧率: 未知, 视频编解码器: 未知, 音频编解码器: 未知
分类: 其他, 名称: IPTV热播剧场, 有效: 0, IPv4: 7, IPv6: 0, 最小延迟: — ms, 最高速率: 0.00 MiB/s, 平均速率: 0.00 MiB/s, 最高分辨率: —, 平均帧率: 未知, 视频编解码器: 未知, 音频编解码器: 未知
分类: 其他, 名称: IPTV相声小品, 有效: 0, IPv4: 11, IPv6: 0, 最小延迟: 591 ms, 最高速率: 0.33 MiB/s, 平均速率: 0.00 MiB/s, 最高分辨率: 960x540, 平均帧率: 25.0, 视频编解码器: h264, 音频编解码器: aac
分类: 其他, 名称: IPTV经典电影, 有效: 0, IPv4: 1, IPv6: 0, 最小延迟: 40 ms, 最高速率: 0.11 MiB/s, 平均速率: 0.00 MiB/s, 最高分辨率: —, 平均帧率: 未知, 视频编解码器: 未知, 音频编解码器: 未知
分类: 其他, 名称: IPTV魅力时尚, 有效: 0, IPv4: 1, IPv6: 0, 最小延迟: — ms, 最高速率: 0.00 MiB/s, 平均速率: 0.00 MiB/s, 最高分辨率: —, 平均帧率: 未知, 视频编解码器: 未知, 音频编解码器: 未知
分类: 其他, 名称: IPTV电视剧, 有效: 0, IPv4: 4, IPv6: 0, 最小延迟: — ms, 最高速率: 0.00 MiB/s, 平均速率: 0.00 MiB/s, 最高分辨率: —, 平均帧率: 未知, 视频编解码器: 未知, 音频编解码器: 未知
分类: 其他, 名称: IPTV野外, 有效: 0, IPv4: 1, IPv6: 0, 最小延迟: — ms, 最高速率: 0.00 MiB/s, 平均速率: 0.00 MiB/s, 最高分辨率: —, 平均帧率: 未知, 视频编解码器: 未知, 音频编解码器: 未知
分类: 其他, 名称: IPTV光影, 有效: 0, IPv4: 2, IPv6: 0, 最小延迟: — ms, 最高速率: 0.00 MiB/s, 平均速率: 0.00 MiB/s, 最高分辨率: —, 平均帧率: 未知, 视频编解码器: 未知, 音频编解码器: 未知
分类: 其他, 名称: IPTV动画, 有效: 0, IPv4: 2, IPv6: 0, 最小延迟: — ms, 最高速率: 0.00 MiB/s, 平均速率: 0.00 MiB/s, 最高分辨率: —, 平均帧率: 未知, 视频编解码器: 未知, 音频编解码器: 未知
分类: 其他, 名称: IPTV早教, 有效: 0, IPv4: 1, IPv6: 0, 最小延迟: 27 ms, 最高速率: 13.14 MiB/s, 平均速率: 0.00 MiB/s, 最高分辨率: 720x576, 平均帧率: 25.0, 视频编解码器: h264, 音频编解码器: aac
分类: 其他, 名称: IPTV星影, 有效: 0, IPv4: 2, IPv6: 0, 最小延迟: — ms, 最高速率: 0.00 MiB/s, 平均速率: 0.00 MiB/s, 最高分辨率: —, 平均帧率: 未知, 视频编解码器: 未知, 音频编解码器: 未知
分类: 其他, 名称: IPTV精选, 有效: 0, IPv4: 2, IPv6: 0, 最小延迟: — ms, 最高速率: 0.00 MiB/s, 平均速率: 0.00 MiB/s, 最高分辨率: —, 平均帧率: 未知, 视频编解码器: 未知, 音频编解码器: 未知
分类: 其他, 名称: IPTV军事, 有效: 0, IPv4: 1, IPv6: 0, 最小延迟: — ms, 最高速率: 0.00 MiB/s, 平均速率: 0.00 MiB/s, 最高分辨率: —, 平均帧率: 未知, 视频编解码器: 未知, 音频编解码器: 未知
分类: 其他, 名称: IPTV墨宝, 有效: 0, IPv4: 1, IPv6: 0, 最小延迟: — ms, 最高速率: 0.00 MiB/s, 平均速率: 0.00 MiB/s, 最高分辨率: —, 平均帧率: 未知, 视频编解码器: 未知, 音频编解码器: 未知
分类: 其他, 名称: IPTV鉴赏, 有效: 0, IPv4: 1, IPv6: 0, 最小延迟: — ms, 最高速率: 0.00 MiB/s, 平均速率: 0.00 MiB/s, 最高分辨率: —, 平均帧率: 未知, 视频编解码器: 未知, 音频编解码器: 未知
分类: 其他, 名称: CCTV中视购物, 有效: 0, IPv4: 1, IPv6: 0, 最小延迟: — ms, 最高速率: 0.00 MiB/s, 平均速率: 0.00 MiB/s, 最高分辨率: —, 平均帧率: 未知, 视频编解码器: 未知, 音频编解码器: 未知
